time,open,high,low,close,change,changePct,tradingVol,tradingValue,consNumber,peg
20201207,2918.54,2972.74,2911.12,2947.9,43.04,1.48,1841.18,204.29,39.0,31.88
20201208,2939.52,2978.77,2935.87,2953.25,5.35,0.18,1602.78,191.21,39.0,32.09
20201209,2959.25,2977.32,2904.45,2908.8,-44.45,-1.5,1477.0,192.07,39.0,31.73
20201210,2922.3,3064.05,2901.05,3030.24,121.43,4.17,1697.2,263.81,39.0,32.98
20201211,3039.13,3051.75,2939.4,2974.2,-56.04,-1.85,1642.14,246.26,39.0,32.41
20201214,3012.7,3107.51,3010.82,3084.01,109.82,3.69,2167.5,317.22,50.0,35.88
20201215,3097.08,3150.55,3075.56,3148.65,64.63,2.09,2188.12,325.4,50.0,36.47
20201216,3170.24,3213.29,3160.15,3181.17,32.52,1.03,2762.7,338.26,50.0,36.7
20201217,3160.9,3169.02,3104.03,3168.6,-12.57,-0.4,2255.86,279.08,50.0,36.42
20201218,3168.87,3248.49,3160.0,3220.4,51.8,1.63,2293.87,314.78,50.0,37.12
20201221,3301.4,3385.05,3290.24,3373.85,153.45,4.76,2601.13,436.08,50.0,39.27
20201222,3357.6,3411.81,3291.19,3297.08,-76.77,-2.27,2572.47,435.62,50.0,38.69
20201223,3344.3,3534.47,3344.3,3487.9,190.82,5.79,3393.53,528.02,50.0,40.91
20201224,3482.44,3522.39,3434.69,3463.18,-24.72,-0.71,2868.78,399.56,50.0,40.57
20201225,3458.35,3623.71,3456.9,3619.27,156.09,4.51,3760.45,488.94,50.0,42.21
20201228,3629.67,3646.88,3556.22,3615.06,-4.21,-0.12,4119.2,505.82,50.0,41.93
20201229,3586.74,3586.74,3391.36,3399.52,-215.54,-5.96,3856.8,533.17,50.0,39.45
20201230,3432.62,3505.31,3432.62,3472.16,72.64,2.14,2995.24,434.55,50.0,40.33
20201231,3517.6,3583.63,3491.74,3552.68,80.53,2.32,3106.31,448.66,50.0,41.23
20210104,3561.41,3792.97,3550.85,3745.55,192.86,5.43,3445.35,591.97,50.0,43.77
20210105,3715.02,3811.31,3698.34,3750.39,4.84,0.13,3549.15,575.42,50.0,44.23
20210106,3745.44,3761.39,3677.99,3745.41,-4.98,-0.13,2910.81,477.69,50.0,44.39
20210107,3788.07,3940.63,3759.77,3894.25,148.83,3.97,3281.25,601.86,50.0,46.39
20210108,3913.81,3915.07,3740.08,3810.83,-83.42,-2.14,3033.03,610.11,50.0,45.31
20210111,3795.14,3795.14,3623.58,3654.92,-155.91,-4.09,3404.22,572.03,50.0,43.41
20210112,3642.01,3785.31,3629.73,3784.13,129.21,3.53,2521.51,484.13,50.0,44.88
20210113,3773.52,3869.23,3716.56,3753.64,-30.49,-0.8,2871.79,527.05,50.0,44.39
20210114,3718.92,3732.47,3595.42,3654.33,-99.32,-2.65,2677.3,500.54,50.0,42.85
20210115,3620.42,3666.56,3542.23,3645.11,-9.21,-0.25,2137.49,387.62,50.0,42.88
20210118,3621.71,3722.83,3573.64,3714.25,69.14,1.9,2114.04,370.85,50.0,43.51
20210119,3730.57,3761.01,3593.74,3613.9,-100.34,-2.7,2242.91,391.38,50.0,42.46
20210120,3627.73,3743.61,3610.45,3735.83,121.93,3.37,1853.63,379.07,50.0,44.03
20210121,3784.6,3915.8,3745.11,3894.53,158.7,4.25,2575.62,531.08,50.0,46.17
20210122,3906.44,4037.66,3899.6,4023.53,129.0,3.31,2826.85,577.09,50.0,48.02
20210125,4021.37,4211.21,3975.19,4024.61,1.09,0.03,3075.37,683.82,50.0,47.82
20210126,4003.29,4046.41,3925.38,3966.05,-58.57,-1.46,2392.36,519.95,50.0,47.15
20210127,3964.19,4126.68,3860.75,4124.12,158.07,3.98,2189.77,544.71,50.0,49.3
20210128,4002.87,4069.75,3902.52,3913.04,-211.07,-5.12,2120.73,493.61,50.0,46.56
20210129,3945.29,3977.57,3736.81,3832.25,-80.79,-2.06,2091.83,544.06,50.0,45.31
20210201,3764.02,3801.69,3674.4,3728.85,-103.4,-2.7,1700.01,403.55,50.0,44.37
20210202,3760.82,3837.87,3687.19,3795.68,66.83,1.79,1932.54,404.7,50.0,45.32
20210203,3837.37,3902.61,3773.9,3784.56,-11.12,-0.29,2139.56,460.97,50.0,45.06
20210204,3747.33,3827.08,3703.32,3768.86,-15.71,-0.42,2005.13,403.79,50.0,44.97
20210205,3802.15,3885.56,3754.77,3762.91,-5.94,-0.16,1875.16,451.5,50.0,45.21
20210208,3754.6,3775.85,3615.4,3768.27,5.36,0.14,1652.29,380.36,50.0,45.05
20210209,3789.11,3906.28,3761.66,3899.53,131.26,3.48,1761.12,410.31,50.0,46.7
20210210,3941.13,4037.24,3877.9,3995.45,95.92,2.46,1691.27,437.1,50.0,47.93
20210218,4050.86,4062.18,3923.05,3962.72,-32.74,-0.82,1784.28,427.17,50.0,47.48
20210219,3914.99,3926.63,3782.16,3888.3,-74.42,-1.88,1727.19,391.16,50.0,46.35
20210222,3860.97,3958.23,3761.83,3763.41,-124.89,-3.21,2299.4,509.43,50.0,44.61
20210223,3709.81,3787.2,3700.55,3730.0,-33.41,-0.89,1812.04,358.8,50.0,44.46
20210224,3729.26,3753.09,3551.17,3607.99,-122.01,-3.27,1905.64,414.38,50.0,42.72
20210225,3661.35,3665.18,3581.99,3591.64,-16.34,-0.45,1374.92,274.81,50.0,42.61
20210226,3483.45,3594.35,3458.68,3568.25,-23.39,-0.65,1302.11,294.6,50.0,42.35
20210301,3625.41,3697.44,3605.3,3659.27,91.02,2.55,1335.25,315.03,50.0,43.59
20210302,3698.62,3720.45,3591.91,3627.04,-32.23,-0.88,1588.08,323.32,50.0,43.28
20210303,3603.9,3614.92,3535.64,3605.98,-21.06,-0.58,1881.26,351.88,50.0,42.87
20210304,3541.34,3541.34,3368.03,3379.22,-226.76,-6.29,2152.52,455.01,50.0,39.94
20210305,3290.51,3427.11,3283.65,3389.3,10.07,0.3,1528.65,333.36,50.0,40.02
20210308,3411.58,3415.32,3202.62,3204.84,-184.45,-5.44,2124.15,427.58,50.0,37.53
20210309,3195.34,3211.88,3055.13,3097.37,-107.47,-3.35,2064.54,392.84,50.0,36.02
20210310,3185.17,3189.22,3103.4,3120.61,23.24,0.75,1472.82,304.6,50.0,36.42
20210311,3127.5,3244.26,3118.75,3236.26,115.64,3.7,1519.24,304.24,50.0,37.81
20210312,3281.17,3302.69,3208.38,3295.44,59.18,1.83,2149.99,363.27,50.0,38.42
20210315,3256.26,3256.26,3132.6,3166.48,-128.96,-3.91,2073.17,363.5,50.0,36.51
20210316,3172.14,3207.23,3127.44,3188.04,21.57,0.68,1904.86,284.6,50.0,36.66
20210317,3169.7,3208.24,3117.85,3199.98,11.93,0.37,1542.3,248.02,50.0,36.87
20210318,3205.67,3259.63,3191.86,3253.36,53.38,1.67,1649.03,296.84,50.0,37.46
20210319,3184.64,3218.02,3150.43,3169.81,-83.55,-2.57,1956.02,325.99,50.0,36.45
20210322,3184.45,3260.21,3184.0,3243.05,73.24,2.31,2081.91,284.24,50.0,37.19
20210323,3253.59,3253.59,3162.27,3190.87,-52.18,-1.61,2105.66,284.97,50.0,36.68
20210324,3177.64,3202.8,3111.83,3120.45,-70.42,-2.21,1906.63,255.15,50.0,35.89
20210325,3086.09,3137.29,3060.97,3113.36,-7.09,-0.23,1626.67,225.9,50.0,35.93
20210326,3140.65,3247.49,3140.65,3227.75,114.39,3.67,1923.63,328.31,50.0,37.35
20210329,3230.38,3231.21,3179.3,3199.04,-28.71,-0.89,1781.64,261.78,50.0,37.02
20210330,3186.67,3312.93,3174.01,3298.82,99.78,3.12,1820.93,362.17,50.0,38.56
20210331,3287.71,3301.65,3252.65,3277.26,-21.56,-0.65,1298.97,260.19,50.0,38.35
20210401,3294.36,3354.57,3283.16,3308.55,31.29,0.95,1372.67,248.6,50.0,38.84
20210402,3305.18,3325.15,3260.86,3300.29,-8.26,-0.25,1230.37,216.74,50.0,38.71
20210406,3324.18,3409.67,3314.4,3375.2,74.91,2.27,1555.45,280.43,50.0,39.71
20210407,3375.15,3375.15,3276.68,3315.3,-59.9,-1.77,1624.16,261.98,50.0,38.76
20210408,3286.06,3306.62,3263.28,3286.11,-29.19,-0.88,1559.52,219.31,50.0,38.36
20210409,3257.57,3282.07,3220.02,3230.28,-55.83,-1.7,1166.09,202.67,50.0,37.52
20210412,3223.46,3237.55,3130.14,3141.73,-88.55,-2.74,1327.77,217.18,50.0,36.42
20210413,3126.95,3160.67,3111.2,3121.83,-19.9,-0.63,1105.94,178.28,50.0,36.2
20210414,3129.58,3173.12,3129.58,3168.65,46.82,1.5,884.94,170.22,50.0,36.74
20210415,3164.78,3196.71,3141.6,3188.13,19.48,0.61,978.37,188.23,50.0,37.22
20210416,3184.81,3185.35,3122.93,3174.13,-14.0,-0.44,980.36,186.82,50.0,36.95
20210419,3166.84,3285.03,3156.74,3280.66,106.52,3.36,1227.74,248.91,50.0,38.27
20210420,3271.9,3371.46,3267.35,3321.53,40.88,1.24,1436.07,298.06,50.0,38.9
20210421,3316.92,3349.03,3286.35,3317.33,-4.21,-0.13,1070.91,238.0,50.0,38.84
20210422,3352.98,3356.41,3274.83,3325.95,8.63,0.26,1059.58,220.06,50.0,38.84
20210423,3318.64,3382.66,3318.06,3357.44,31.48,0.95,1167.84,243.59,50.0,39.26
20210426,3360.33,3432.51,3337.44,3339.68,-17.76,-0.53,1287.41,277.23,50.0,39.09
20210427,3339.67,3366.92,3298.45,3332.08,-7.6,-0.23,1022.61,202.52,50.0,39.04
20210428,3329.15,3388.7,3328.89,3387.33,55.25,1.66,1042.0,222.77,50.0,39.73
20210429,3403.43,3403.43,3346.21,3375.09,-12.24,-0.36,1113.96,239.23,50.0,39.61
20210430,3367.97,3477.82,3367.95,3456.49,81.4,2.41,1281.44,310.32,50.0,40.79
20210506,3443.23,3498.35,3403.67,3441.32,-15.17,-0.44,1174.8,293.83,50.0,32.27
20210507,3443.75,3471.88,3344.79,3349.49,-91.83,-2.67,1110.83,243.98,50.0,31.28
20210510,3332.37,3403.21,3305.5,3383.44,33.95,1.01,1139.17,229.13,50.0,31.6
20210511,3348.21,3356.82,3273.67,3352.64,-30.79,-0.91,1095.37,210.77,50.0,31.27
20210512,3334.18,3387.2,3330.77,3373.34,20.7,0.62,926.39,162.95,50.0,31.48
20210513,3326.43,3350.04,3303.6,3307.61,-65.74,-1.95,1005.44,167.46,50.0,30.89
20210514,3319.01,3359.81,3266.06,3354.97,47.36,1.43,1060.24,185.89,50.0,31.33
20210517,3355.07,3459.42,3354.29,3453.73,98.76,2.94,1160.58,249.19,50.0,32.34
20210518,3439.24,3463.57,3418.48,3439.28,-14.44,-0.42,893.6,171.62,50.0,32.03
20210519,3433.83,3501.94,3406.63,3495.96,56.67,1.65,1260.53,227.4,50.0,32.52
20210520,3496.38,3509.48,3434.6,3458.98,-36.98,-1.06,1213.72,215.82,50.0,32.15
20210521,3490.8,3543.75,3446.9,3471.92,12.94,0.37,1326.86,258.1,50.0,32.29
20210524,3457.41,3466.01,3404.57,3466.01,-5.91,-0.17,1171.71,226.14,50.0,31.88
20210525,3450.11,3499.29,3413.52,3497.68,31.67,0.91,1168.07,255.8,50.0,32.16
20210526,3496.53,3497.32,3449.77,3452.5,-45.18,-1.29,1028.74,201.76,50.0,31.69
20210527,3448.95,3501.86,3442.87,3491.81,39.31,1.14,1119.22,233.75,50.0,32.01
20210528,3490.9,3574.31,3479.55,3528.25,36.44,1.04,1436.9,295.58,50.0,32.39
20210531,3530.15,3673.97,3513.73,3670.86,142.61,4.04,1687.83,368.05,50.0,33.76
20210601,3656.77,3658.72,3586.44,3649.79,-21.07,-0.57,1600.76,298.48,50.0,33.58
20210602,3689.34,3705.91,3580.19,3591.38,-58.41,-1.6,1427.5,277.17,50.0,33.07
20210603,3586.58,3587.79,3480.55,3484.01,-107.37,-2.99,1389.5,311.1,50.0,31.63
20210604,3457.95,3515.87,3432.49,3480.77,-3.24,-0.09,1183.76,269.5,50.0,31.55
20210607,3486.22,3489.84,3428.53,3465.88,-14.89,-0.43,1381.76,270.11,50.0,31.35
20210608,3461.67,3507.55,3422.89,3448.21,-17.68,-0.51,1299.12,241.86,50.0,31.28
20210609,3448.28,3478.84,3419.75,3477.55,29.34,0.85,1243.8,209.94,50.0,31.56
20210610,3488.96,3664.74,3488.05,3640.46,162.91,4.68,2135.28,478.06,50.0,33.22
20210611,3663.78,3757.84,3649.44,3716.79,76.33,2.1,2385.49,535.84,50.0,34.13
20210615,3718.5,3742.71,3662.62,3679.64,-37.15,-1.0,1740.67,363.52,50.0,36.51
20210616,3649.41,3652.66,3512.82,3515.23,-164.41,-4.47,1609.17,350.11,50.0,34.72
20210617,3525.9,3591.52,3525.9,3590.06,74.84,2.13,1346.45,280.4,50.0,35.5
20210618,3599.65,3696.76,3594.44,3669.25,79.18,2.21,1576.38,344.06,50.0,36.49
20210621,3661.16,3809.75,3650.19,3784.42,115.17,3.14,1842.6,408.76,50.0,37.74
20210622,3798.83,3812.54,3729.45,3795.11,10.69,0.28,1874.28,359.12,50.0,37.97
20210623,3810.01,3888.13,3801.14,3846.39,51.27,1.35,2110.33,422.08,50.0,35.77
20210624,3924.07,4009.82,3857.13,3971.59,125.2,3.25,3098.15,572.34,50.0,36.94
20210625,3965.9,4053.7,3961.52,3992.89,21.3,0.54,2815.4,492.68,50.0,37.19
20210628,4017.87,4063.64,3994.47,4044.47,51.58,1.29,2015.38,417.86,50.0,37.61
20210629,4085.88,4178.33,4081.28,4156.56,112.09,2.77,2680.8,568.45,50.0,38.85
20210630,4131.75,4219.4,4088.64,4209.04,52.49,1.26,2536.56,471.5,50.0,39.05
20210701,4232.94,4233.06,4076.5,4076.5,-132.54,-3.15,2590.65,480.29,50.0,37.9
20210702,4033.71,4116.69,4016.11,4023.53,-52.97,-1.3,2256.6,471.76,50.0,37.17
20210705,4047.01,4113.58,4017.85,4089.81,66.28,1.65,1982.19,401.34,50.0,37.78
20210706,4091.73,4102.26,3934.59,4009.76,-80.05,-1.96,2174.49,441.62,50.0,36.98
20210707,3974.54,4247.65,3938.96,4223.41,213.65,5.33,2460.35,548.42,50.0,39.26
20210708,4242.42,4335.18,4229.88,4265.5,42.1,1.0,2606.27,562.2,50.0,39.66
20210709,4236.71,4319.38,4131.43,4293.1,27.59,0.65,2364.5,496.51,50.0,39.84
20210712,4335.04,4429.66,4275.93,4351.19,58.1,1.35,2617.58,552.04,50.0,40.3
20210713,4349.76,4471.64,4343.1,4419.66,68.47,1.57,2764.5,539.37,50.0,40.62
20210714,4398.62,4448.53,4284.25,4314.09,-105.57,-2.39,2793.78,549.05,50.0,39.67
20210715,4297.14,4522.92,4296.28,4512.06,197.97,4.59,2687.73,620.0,50.0,41.67
20210716,4506.5,4593.99,4427.43,4429.44,-82.63,-1.83,2916.51,570.13,50.0,40.67
20210719,4452.83,4552.03,4408.97,4423.12,-6.32,-0.14,2270.12,460.95,50.0,40.49
20210720,4366.54,4469.97,4363.53,4448.65,25.53,0.58,2177.27,393.05,50.0,40.77
20210721,4491.33,4695.05,4491.33,4670.29,221.64,4.98,2817.96,607.63,50.0,42.83
20210722,4702.27,4787.26,4653.19,4781.32,111.03,2.38,3284.4,611.44,50.0,43.82
20210723,4774.58,4907.97,4763.44,4816.86,35.54,0.74,3242.03,630.53,50.0,44.11
20210726,4816.48,4872.65,4613.58,4784.07,-32.79,-0.68,3063.03,666.23,50.0,43.52
20210727,4784.01,4888.34,4478.29,4478.29,-305.78,-6.39,3356.28,702.62,50.0,40.76
20210728,4383.08,4538.65,4270.0,4455.52,-22.78,-0.51,2760.97,575.98,50.0,40.72
20210729,4585.22,4881.9,4568.59,4866.94,411.42,9.23,2567.43,653.02,50.0,44.26
20210730,4872.35,5152.62,4867.79,5022.76,155.82,3.2,3307.06,737.11,50.0,45.2
20210802,5036.71,5161.78,4922.47,5062.07,39.31,0.78,3293.83,760.33,50.0,45.75
20210803,5047.94,5047.94,4777.88,4827.18,-234.89,-4.64,3062.02,705.71,50.0,43.66
20210804,4810.25,5193.8,4810.2,5185.81,358.63,7.43,3161.72,806.76,50.0,47.0
20210805,5157.91,5253.58,5090.72,5217.27,31.46,0.61,2832.03,714.07,50.0,47.47
20210806,5224.62,5361.31,5183.72,5283.3,66.03,1.26,2496.62,606.77,50.0,47.94
20210809,5237.31,5237.31,5030.05,5192.33,-90.98,-1.72,2323.89,599.05,50.0,47.07
20210810,5176.35,5358.81,5086.21,5208.8,16.47,0.32,2784.53,647.33,50.0,47.09
20210811,5156.37,5245.98,5095.42,5198.74,-10.06,-0.19,3171.83,629.76,50.0,46.77
20210812,5171.62,5196.45,5087.56,5166.14,-32.6,-0.63,2605.58,571.08,50.0,46.57
20210813,5119.12,5237.55,5046.09,5091.88,-74.26,-1.44,2653.51,596.88,50.0,45.77
20210816,5053.81,5112.35,4983.52,5004.92,-86.96,-1.71,2558.55,511.82,50.0,45.09
20210817,5014.3,5097.49,4903.89,4949.16,-55.76,-1.11,3168.43,568.75,50.0,44.6
20210818,4942.68,5007.78,4807.25,4859.31,-89.85,-1.81,2336.08,542.23,50.0,43.69
20210819,4878.86,5026.87,4792.61,4962.28,102.97,2.12,3217.14,564.68,50.0,44.32
20210820,4940.55,5055.79,4897.04,4991.33,29.06,0.59,2760.74,479.69,50.0,44.35
20210823,5039.43,5183.73,4977.75,5172.13,180.8,3.62,3000.86,614.44,50.0,45.96
20210824,5200.59,5348.82,5146.05,5254.71,82.58,1.6,3922.84,722.17,50.0,46.92
20210825,5253.48,5495.54,5223.38,5486.3,231.59,4.41,3853.34,763.26,50.0,49.15
20210826,5476.83,5586.21,5454.59,5456.78,-29.52,-0.54,4079.19,754.59,50.0,48.84
20210827,5426.5,5620.74,5422.69,5588.33,131.55,2.41,4049.86,812.54,50.0,50.21
20210830,5598.62,5988.16,5590.66,5892.54,304.21,5.44,4012.81,992.36,50.0,53.05
20210831,5858.88,5862.84,5741.92,5846.72,-45.82,-0.78,4405.51,869.73,50.0,52.07
20210901,5886.31,5888.11,5389.74,5496.24,-350.48,-5.99,4824.53,974.96,50.0,49.15
20210902,5500.85,5793.62,5499.78,5784.06,287.82,5.24,3648.75,751.26,50.0,51.67
20210903,5822.43,5941.73,5554.58,5614.08,-169.98,-2.94,5506.56,998.89,50.0,49.69
20210906,5606.59,5619.55,5292.7,5515.76,-98.33,-1.75,4310.92,781.68,50.0,48.86
20210907,5513.1,5650.17,5457.86,5640.23,124.47,2.26,3701.66,686.76,50.0,49.92
20210908,5655.42,5718.45,5413.39,5435.9,-204.33,-3.62,4182.08,769.03,50.0,47.96
20210909,5441.2,5463.4,5303.41,5434.59,-1.31,-0.02,3523.6,673.43,50.0,47.85
20210910,5419.83,5557.43,5356.56,5541.44,106.85,1.97,3392.03,690.94,50.0,48.86
20210913,5522.54,5522.54,5306.97,5347.81,-193.63,-3.49,3163.36,655.35,50.0,47.08
20210914,5317.97,5431.07,5253.91,5364.31,16.5,0.31,3466.07,664.93,50.0,47.19
20210915,5376.83,5517.58,5347.24,5497.56,133.25,2.48,3418.13,659.11,50.0,48.34
20210916,5502.18,5502.18,5170.02,5170.02,-327.54,-5.96,3682.75,701.03,50.0,45.47
20210917,5146.51,5216.91,4967.05,5112.41,-57.61,-1.11,3353.78,590.94,50.0,45.02
20210922,5056.04,5227.81,5056.03,5184.64,72.23,1.41,2939.43,515.27,50.0,45.42
20210923,5267.42,5289.47,5192.72,5208.87,24.22,0.47,3294.82,598.84,50.0,45.56
20210924,5199.74,5399.2,5098.56,5306.29,97.42,1.87,3090.57,626.3,50.0,46.75
20210927,5358.82,5381.48,5094.94,5252.13,-54.16,-1.02,3130.84,626.58,50.0,46.53
20210928,5238.18,5318.04,5163.55,5184.02,-68.11,-1.3,2455.96,452.05,50.0,45.82
20210929,5105.39,5276.12,5097.8,5157.75,-26.27,-0.51,3315.74,553.01,50.0,45.6
20210930,5157.65,5270.93,5126.83,5255.67,97.92,1.9,2954.34,487.43,50.0,46.6
20211008,5325.02,5329.31,5075.1,5108.36,-147.32,-2.8,2542.16,497.89,50.0,45.11
20211011,5125.77,5159.57,4998.54,5029.28,-79.08,-1.55,2333.95,437.24,50.0,44.55
20211012,5033.15,5062.38,4886.84,4976.77,-52.51,-1.04,2244.28,400.06,50.0,44.21
20211013,4992.88,5206.42,4961.73,5192.66,215.89,4.34,2147.1,484.48,50.0,46.44
20211014,5181.86,5384.93,5180.81,5302.96,110.3,2.12,2445.48,497.32,50.0,47.33
20211015,5297.17,5447.13,5258.51,5416.63,113.67,2.14,2795.33,551.57,50.0,48.37
20211018,5449.94,5528.14,5419.99,5523.57,106.94,1.97,2459.87,507.35,50.0,49.33
20211019,5542.57,5553.02,5467.87,5515.6,-7.97,-0.14,2868.89,522.2,50.0,49.11
20211020,5500.23,5701.28,5491.38,5628.45,112.85,2.05,3078.64,646.45,50.0,50.12
20211021,5600.38,5600.38,5482.34,5518.02,-110.42,-1.96,2613.3,502.99,50.0,48.95
20211022,5518.84,5536.34,5418.82,5429.42,-88.6,-1.6,2537.73,443.17,50.0,48.36
20211025,5450.49,5725.86,5450.49,5670.55,241.13,4.44,2788.3,655.0,50.0,50.44
20211026,5713.45,5722.51,5614.83,5624.64,-45.91,-0.81,3021.4,565.78,50.0,49.93
20211027,5641.82,5782.85,5633.74,5747.14,122.5,2.18,3181.89,638.67,50.0,51.05
20211028,5763.67,5798.17,5627.7,5673.97,-73.17,-1.27,3051.18,608.36,50.0,50.67
20211029,5649.07,5856.67,5496.33,5839.99,166.01,2.93,3507.37,920.74,50.0,52.59
20211101,5806.66,5920.91,5675.02,5792.64,-47.35,-0.81,3941.77,910.99,50.0,48.84
20211102,5746.08,5766.5,5594.74,5651.1,-141.54,-2.44,3301.05,743.45,50.0,47.83
20211103,5635.77,5674.24,5470.79,5540.57,-110.53,-1.96,2637.49,683.58,50.0,46.37
20211104,5618.47,5724.98,5588.43,5657.08,116.51,2.1,2668.09,627.43,50.0,47.22
20211105,5629.44,5647.77,5501.81,5515.52,-141.56,-2.5,2911.69,591.57,50.0,46.06
20211108,5462.83,5597.39,5461.67,5566.38,50.86,0.92,2043.58,445.62,50.0,46.54
20211109,5669.38,5746.78,5578.95,5628.5,62.13,1.12,2565.43,543.01,50.0,46.93
20211110,5580.17,5614.56,5462.22,5570.82,-57.69,-1.02,2449.43,537.74,50.0,46.59
20211111,5586.47,5662.11,5538.43,5581.0,10.18,0.18,2303.4,517.28,50.0,46.66
20211112,5621.78,5711.84,5621.78,5685.66,104.67,1.87,2544.8,516.68,50.0,47.35
20211115,5672.52,5673.27,5453.58,5482.17,-203.5,-3.58,2660.11,535.11,50.0,45.57
20211116,5459.18,5506.82,5376.37,5393.38,-88.79,-1.62,2604.18,470.67,50.0,44.81
20211117,5410.72,5553.84,5383.37,5543.88,150.51,2.79,3226.12,572.93,50.0,45.92
20211118,5521.26,5536.77,5441.38,5486.7,-57.19,-1.03,3081.71,538.59,50.0,45.5
20211119,5490.59,5617.01,5434.79,5585.47,98.77,1.8,2756.21,588.58,50.0,46.32
20211122,5600.8,5708.52,5599.88,5701.71,116.24,2.08,2933.41,640.6,50.0,47.19
20211123,5694.09,5752.81,5645.41,5649.34,-52.37,-0.92,2966.75,612.68,50.0,46.69
20211124,5646.85,5647.63,5488.09,5502.29,-147.05,-2.6,3141.37,646.74,50.0,45.41
20211125,5480.05,5488.47,5406.03,5415.95,-86.34,-1.57,2299.42,528.16,50.0,44.47
20211126,5403.61,5477.18,5399.24,5445.69,29.74,0.55,1985.22,424.54,50.0,44.81
20211129,5360.35,5544.51,5352.68,5509.26,63.58,1.17,2086.98,498.67,50.0,45.31
20211130,5560.54,5565.59,5466.93,5523.67,14.41,0.26,2510.25,508.63,50.0,45.34
20211201,5513.4,5540.86,5416.84,5458.26,-65.41,-1.18,2712.81,607.95,50.0,44.69
20211202,5423.36,5437.37,5355.36,5376.64,-81.62,-1.49,2129.96,438.81,50.0,44.13
20211203,5358.77,5377.53,5284.22,5377.53,0.89,0.02,2926.04,573.33,50.0,44.07
20211206,5391.85,5466.3,5353.83,5359.09,-18.44,-0.34,2790.74,513.95,50.0,43.91
20211207,5385.81,5395.21,5244.07,5356.09,-3.0,-0.06,2436.57,486.7,50.0,44.09
20211208,5373.69,5450.39,5336.14,5439.15,83.05,1.55,2137.99,494.54,50.0,44.83
20211209,5422.63,5441.6,5370.91,5406.9,-32.25,-0.59,1860.34,417.03,50.0,44.64
20211210,5377.47,5540.13,5359.13,5508.11,101.21,1.87,2003.81,529.02,50.0,45.71
20211213,5521.07,5597.51,5480.95,5545.05,36.94,0.67,2122.35,542.85,50.0,49.71
20211214,5527.94,5563.7,5482.68,5501.98,-43.07,-0.78,1775.29,427.61,50.0,49.26
20211215,5490.4,5580.83,5477.93,5530.04,28.06,0.51,2471.07,514.19,50.0,49.42
20211216,5538.88,5582.84,5519.71,5582.56,52.52,0.95,1982.12,425.31,50.0,49.87
20211217,5551.46,5561.69,5388.25,5390.57,-191.99,-3.44,2272.68,529.78,50.0,48.16
20211220,5334.29,5363.68,5127.95,5140.4,-250.17,-4.64,2209.78,530.39,50.0,45.83
20211221,5141.67,5165.28,5043.3,5164.45,24.05,0.47,1696.98,403.05,50.0,45.95
20211222,5176.82,5195.73,5125.44,5154.85,-9.6,-0.19,1286.05,306.21,50.0,45.81
20211223,5138.99,5269.03,5118.59,5242.8,87.94,1.71,2012.58,423.14,50.0,46.66
20211224,5254.19,5259.9,5039.68,5043.84,-198.96,-3.79,2424.05,487.81,50.0,44.99
20211227,5010.2,5069.91,4917.46,4990.82,-53.02,-1.05,1924.55,414.26,50.0,44.53
20211228,4996.09,5107.99,4961.52,5101.75,110.93,2.22,1657.59,396.05,50.0,45.55
20211229,5101.44,5171.42,5047.0,5110.52,8.77,0.17,2062.94,417.56,50.0,45.72
20211230,5104.3,5188.24,5093.54,5120.15,9.63,0.19,1909.01,405.62,50.0,45.84
20211231,5227.56,5353.83,5227.56,5302.9,182.75,3.57,1932.84,564.61,50.0,47.64
20220104,5316.78,5323.58,5030.84,5050.0,-252.9,-4.77,1842.06,511.94,50.0,45.33
20220105,5066.01,5066.29,4845.97,4866.93,-183.07,-3.62,1802.87,427.18,50.0,43.62
20220106,4823.54,4905.1,4772.97,4872.49,5.56,0.11,1287.43,326.75,50.0,43.71
20220107,4868.92,4905.97,4742.64,4772.97,-99.52,-2.04,1348.24,358.07,50.0,42.8
20220110,4756.59,4758.51,4675.59,4713.38,-59.59,-1.25,1201.32,310.87,50.0,42.26
20220111,4717.38,4736.49,4609.56,4634.59,-78.79,-1.67,1135.86,312.32,50.0,41.48
20220112,4695.85,4787.66,4667.23,4787.21,152.61,3.29,1316.58,345.92,50.0,42.86
20220113,4785.88,4802.02,4675.44,4707.9,-79.3,-1.66,1211.08,287.79,50.0,42.2
20220114,4673.95,4805.31,4661.99,4758.04,50.13,1.06,1085.64,287.64,50.0,42.76
20220117,4776.09,4888.54,4757.28,4812.92,54.89,1.15,1184.05,314.9,50.0,43.29
20220118,4805.97,4848.25,4758.96,4808.97,-3.95,-0.08,1321.31,275.73,50.0,43.24
20220119,4792.27,4792.27,4679.1,4712.71,-96.27,-2.0,1002.3,255.61,50.0,42.39
20220120,4695.63,4728.79,4640.51,4652.32,-60.38,-1.28,1151.32,249.71,50.0,41.89
20220121,4642.47,4727.74,4609.61,4650.66,-1.66,-0.03,1197.41,274.75,50.0,41.83
20220124,4636.82,4826.85,4609.78,4798.25,147.59,3.17,1220.89,325.91,50.0,43.2
20220125,4761.03,4815.29,4661.79,4664.03,-134.22,-2.8,1111.47,281.06,50.0,42.04
20220126,4699.26,4777.04,4674.85,4774.32,110.29,2.36,1108.2,294.66,50.0,43.15
20220127,4753.1,4774.8,4574.9,4581.1,-193.23,-4.05,1349.21,331.31,50.0,41.36
20220128,4635.14,4648.92,4423.97,4507.71,-73.39,-1.6,1206.15,341.9,50.0,40.51
20220207,4607.34,4672.19,4582.59,4602.45,94.74,2.1,1068.57,282.68,50.0,41.37
20220208,4598.16,4598.99,4343.97,4441.82,-160.63,-3.49,1168.01,297.85,50.0,39.78
20220209,4434.93,4458.14,4354.24,4455.83,14.02,0.32,1151.97,268.54,50.0,39.89
20220210,4472.76,4477.71,4285.41,4333.81,-122.02,-2.74,1317.12,345.77,50.0,38.55
20220211,4276.33,4318.3,4195.27,4205.37,-128.44,-2.96,1176.29,309.4,50.0,37.35
20220214,4165.39,4239.22,4118.83,4181.55,-23.82,-0.57,918.82,241.86,50.0,37.21
20220215,4209.2,4347.84,4180.42,4345.81,164.26,3.93,929.17,281.01,50.0,38.8
20220216,4379.3,4386.96,4318.36,4338.12,-7.69,-0.18,872.85,225.77,50.0,38.71
20220217,4329.64,4499.06,4316.8,4457.46,119.34,2.75,1341.46,342.23,50.0,39.8
20220218,4413.99,4453.61,4392.3,4417.32,-40.14,-0.9,960.75,235.62,50.0,39.42
20220221,4409.08,4443.53,4363.27,4428.33,11.01,0.25,1081.16,248.55,50.0,39.38
20220222,4389.2,4539.3,4368.13,4499.77,71.44,1.61,1423.0,357.33,50.0,40.09
20220223,4515.37,4662.14,4515.16,4654.8,155.03,3.45,1608.14,413.29,50.0,41.49
20220224,4620.34,4811.5,4596.43,4681.29,26.5,0.57,2342.41,554.44,50.0,41.79
20220225,4783.98,4828.64,4707.26,4765.82,84.52,1.81,1865.05,428.1,50.0,42.62
20220228,4767.23,4896.65,4743.73,4896.62,130.81,2.74,1533.76,403.58,50.0,43.93
20220301,4994.28,5057.52,4886.47,4915.98,19.36,0.4,1774.65,471.53,50.0,44.1
20220302,4906.83,4952.15,4793.95,4945.75,29.77,0.6,1715.29,385.4,50.0,44.27
20220303,4970.28,4972.93,4838.64,4844.86,-100.89,-2.04,1393.18,311.56,50.0,43.37
20220304,4789.51,4900.59,4777.95,4808.2,-36.66,-0.76,1304.5,303.64,50.0,43.11
20220307,4770.94,4816.95,4686.95,4708.89,-99.31,-2.07,1339.77,342.4,50.0,42.23
20220308,4718.65,4842.48,4668.72,4690.61,-18.28,-0.39,1584.56,432.17,50.0,42.08
20220309,4778.97,4811.99,4474.54,4701.06,10.45,0.22,2042.61,507.69,50.0,42.16
20220310,4867.01,4962.43,4830.04,4881.03,179.97,3.83,2614.55,612.58,50.0,43.74
20220311,4785.4,4853.04,4686.02,4831.28,-49.76,-1.02,1902.38,462.3,50.0,43.2
20220314,4789.36,4846.04,4693.52,4695.49,-135.78,-2.81,1306.79,339.91,50.0,42.07
20220315,4634.33,4771.82,4564.19,4572.39,-123.11,-2.62,1755.67,405.4,50.0,41.07
20220316,4673.33,4750.33,4449.68,4749.51,177.12,3.87,1785.63,475.34,50.0,42.73
20220317,4814.68,4821.19,4698.6,4710.12,-39.39,-0.83,1734.82,506.21,50.0,42.35
20220318,4667.74,4689.95,4620.98,4681.4,-28.72,-0.61,1180.86,294.87,50.0,42.12
20220321,4684.57,4776.54,4665.64,4717.98,36.58,0.78,1304.59,333.17,50.0,42.54
20220322,4711.43,4716.76,4578.87,4606.41,-111.57,-2.36,1182.35,328.72,50.0,41.41
20220323,4653.91,4716.79,4609.78,4646.63,40.22,0.87,1383.56,297.09,50.0,41.77
20220324,4615.39,4615.45,4497.5,4549.74,-96.89,-2.09,1185.09,275.33,50.0,40.94
20220325,4556.09,4565.32,4401.88,4401.88,-147.86,-3.25,1049.97,252.57,50.0,39.51
20220328,4372.32,4444.25,4353.5,4394.49,-7.39,-0.17,1028.7,255.82,50.0,39.4
20220329,4424.31,4473.24,4337.16,4380.27,-14.22,-0.32,1098.79,253.65,50.0,39.29
20220330,4413.29,4503.95,4373.96,4503.95,123.68,2.82,1086.32,284.07,50.0,40.36
20220331,4480.37,4480.37,4340.48,4353.01,-150.94,-3.35,1142.24,282.9,50.0,38.92
20220401,4325.2,4423.5,4300.3,4347.71,-5.3,-0.12,907.59,229.1,50.0,38.93
20220406,4306.58,4306.58,4174.27,4201.78,-145.93,-3.36,981.62,271.2,50.0,37.53
20220407,4175.0,4212.32,4129.61,4134.93,-66.84,-1.59,923.8,219.51,50.0,36.94
20220408,4150.73,4186.52,4066.61,4113.02,-21.91,-0.53,992.9,222.63,50.0,36.75
20220411,4086.6,4086.71,3910.04,3916.11,-196.91,-4.79,1210.51,254.58,50.0,35.03
20220412,3934.42,3971.25,3854.36,3961.44,45.33,1.16,1006.54,218.31,50.0,35.38
20220413,3941.66,3972.28,3886.92,3896.95,-64.49,-1.63,831.86,189.59,50.0,34.86
20220414,3928.92,3939.95,3818.92,3860.68,-36.27,-0.93,879.24,224.42,50.0,34.31
20220415,3827.3,3861.73,3763.73,3832.46,-28.22,-0.73,1033.6,242.81,50.0,34.21
20220418,3802.07,3984.86,3778.54,3984.86,152.41,3.98,1001.74,256.89,50.0,35.73
20220419,3988.99,4081.86,3986.24,3997.07,12.21,0.31,944.13,246.09,50.0,35.76
20220420,3897.69,3935.4,3833.7,3836.9,-160.17,-4.01,949.62,240.92,50.0,34.4
20220421,3796.34,3835.24,3619.3,3635.0,-201.91,-5.26,1205.69,295.39,50.0,32.52
20220422,3601.76,3634.04,3560.93,3587.77,-47.23,-1.3,1098.48,239.58,50.0,32.05
20220425,3495.62,3516.79,3322.31,3322.76,-265.01,-7.39,1412.29,272.94,50.0,29.71
20220426,3341.39,3397.81,3263.26,3271.77,-50.99,-1.53,1431.78,261.18,50.0,29.36
20220427,3239.82,3547.15,3231.46,3543.29,271.52,8.3,1753.15,350.04,50.0,31.75
20220428,3511.68,3655.89,3487.34,3589.53,46.24,1.31,1508.79,335.11,50.0,32.32
20220429,3621.98,3743.23,3572.95,3721.48,131.95,3.67,1604.34,332.64,50.0,33.52
20220505,3722.85,3825.2,3719.98,3761.21,39.73,1.07,1380.45,296.06,50.0,29.84
20220506,3669.32,3745.06,3659.48,3682.46,-78.75,-2.09,1024.34,190.94,50.0,29.21
20220509,3674.9,3790.21,3674.63,3745.46,63.01,1.71,878.27,194.33,50.0,29.81
20220510,3676.6,3912.65,3671.58,3841.26,95.79,2.56,1614.79,325.72,50.0,30.41
20220511,3865.98,4068.68,3865.98,3970.18,128.92,3.36,1937.94,412.81,50.0,31.53
20220512,3948.31,3971.68,3901.16,3933.16,-37.02,-0.93,1352.28,267.92,50.0,31.18
20220513,3970.54,3984.44,3920.11,3952.76,19.6,0.5,1132.35,225.0,50.0,31.24
20220516,3981.29,4037.5,3896.68,3900.08,-52.69,-1.33,1099.13,234.21,50.0,30.69
20220517,3916.95,4053.67,3914.06,4041.73,141.65,3.63,1410.87,297.02,50.0,31.84
20220518,4065.93,4137.78,4019.35,4102.65,60.92,1.51,1538.63,308.66,50.0,32.38
20220519,4045.07,4360.93,4042.06,4328.27,225.62,5.5,2308.96,534.71,50.0,34.15
20220520,4346.37,4373.71,4286.6,4373.71,45.45,1.05,2083.46,417.13,50.0,34.45
20220523,4367.67,4373.74,4271.05,4362.12,-11.59,-0.27,1801.8,351.31,50.0,34.38
20220524,4353.46,4395.98,4213.8,4218.79,-143.33,-3.28,1839.38,361.09,50.0,33.32
20220525,4216.11,4264.34,4168.51,4264.34,45.55,1.08,1603.54,308.67,50.0,33.27
20220526,4267.06,4313.09,4186.18,4252.93,-11.4,-0.27,1281.47,278.49,50.0,33.13
20220527,4280.27,4320.33,4190.96,4223.75,-29.19,-0.69,1180.87,242.74,50.0,32.93
20220530,4233.0,4238.22,4167.19,4232.71,8.96,0.21,1200.76,265.63,50.0,33.04
20220531,4303.39,4371.35,4231.08,4368.24,135.53,3.2,1773.75,402.27,50.0,34.11
20220601,4346.79,4366.84,4300.43,4325.33,-42.9,-0.98,1323.9,309.07,50.0,33.71
20220602,4319.99,4443.62,4299.85,4443.62,118.29,2.73,1588.04,371.95,50.0,34.16
20220606,4449.6,4712.16,4443.93,4647.7,204.07,4.59,2034.21,535.57,50.0,33.98
20220607,4737.58,4786.26,4645.07,4666.31,18.61,0.4,2059.3,553.31,50.0,33.97
20220608,4661.66,4693.07,4554.64,4652.07,-14.24,-0.31,1880.65,458.1,50.0,33.88
20220609,4643.52,4721.97,4583.67,4627.65,-24.42,-0.52,1689.08,411.51,50.0,33.71
20220610,4578.02,4758.98,4551.7,4746.7,119.06,2.57,2127.79,536.28,50.0,34.46
20220613,4710.94,4819.92,4703.8,4781.46,34.76,0.73,1973.49,512.92,50.0,35.21
20220614,4708.16,4716.21,4520.39,4700.55,-80.91,-1.69,1924.29,545.33,50.0,34.57
20220615,4703.57,4763.63,4586.49,4624.25,-76.3,-1.62,1901.57,494.06,50.0,33.99
20220616,4628.4,4803.26,4627.26,4752.46,128.22,2.77,1897.1,472.36,50.0,34.95
20220617,4726.19,4875.87,4726.19,4861.38,108.91,2.29,1997.96,516.86,50.0,35.18
20220620,4923.28,4989.02,4837.67,4920.53,59.16,1.22,2262.49,597.97,50.0,35.68
20220621,4922.61,4977.48,4789.31,4854.2,-66.33,-1.35,2316.47,563.53,50.0,35.23
20220622,4852.76,5036.22,4851.69,4925.24,71.04,1.46,2128.42,528.0,50.0,35.7
20220623,4947.24,5006.96,4844.65,5004.19,78.96,1.6,2601.63,499.88,50.0,36.26
20220624,5021.06,5155.0,5020.63,5140.97,136.78,2.73,2590.17,587.27,50.0,37.28
20220627,5207.23,5212.79,5102.65,5151.18,10.21,0.2,2722.42,597.67,50.0,37.33
20220628,5153.77,5281.99,5073.46,5267.56,116.38,2.26,2824.34,620.25,50.0,38.19
20220629,5242.39,5275.28,5016.86,5029.79,-237.77,-4.51,2700.81,684.52,50.0,36.48
20220630,5039.85,5264.38,5032.88,5217.87,188.08,3.74,2281.55,639.8,50.0,37.79
20220701,5241.95,5283.6,5123.41,5149.58,-68.29,-1.31,2273.99,607.65,50.0,37.21
20220704,5110.07,5264.13,5049.64,5255.93,106.35,2.07,2419.69,659.3,50.0,37.92
20220705,5268.88,5325.38,5222.41,5318.06,62.13,1.18,2656.23,697.58,50.0,38.26
20220706,5289.93,5347.5,5222.35,5269.99,-48.07,-0.9,2479.56,612.33,50.0,37.96
20220707,5277.22,5471.8,5202.96,5458.74,188.75,3.58,2760.92,701.8,50.0,39.22
20220708,5513.55,5524.58,5292.67,5301.76,-156.98,-2.88,2391.81,636.03,50.0,38.06
20220711,5274.87,5288.08,5118.57,5195.27,-106.48,-2.01,2188.5,596.3,50.0,37.29
20220712,5206.91,5311.09,5145.84,5168.51,-26.77,-0.52,1892.58,513.82,50.0,36.96
20220713,5175.63,5315.9,5090.35,5268.26,99.75,1.93,2352.96,604.59,50.0,37.79
20220714,5255.37,5517.68,5241.7,5456.83,188.57,3.58,2508.24,667.84,50.0,39.1
20220715,5406.58,5512.69,5402.06,5411.47,-45.36,-0.83,2867.04,715.38,50.0,38.83
20220718,5449.12,5459.7,5281.91,5417.26,5.79,0.11,2621.98,672.17,50.0,38.89
20220719,5407.63,5407.63,5267.41,5280.12,-137.14,-2.53,2002.22,515.8,50.0,37.87
20220720,5307.85,5356.06,5258.12,5324.2,44.08,0.83,1775.9,435.84,50.0,38.14
20220721,5313.05,5373.08,5265.8,5268.53,-55.67,-1.04,2209.03,527.87,50.0,37.79
20220722,5282.51,5405.02,5257.72,5326.86,58.34,1.11,2286.75,546.13,50.0,38.18
20220725,5326.31,5326.4,5144.0,5154.69,-172.17,-3.23,2684.72,510.63,50.0,36.97
20220726,5163.66,5307.65,5128.91,5259.59,104.9,2.04,2331.59,476.01,50.0,37.75
20220727,5266.44,5433.11,5244.45,5431.36,171.77,3.26,2477.61,593.31,50.0,39.01
20220728,5482.25,5531.51,5386.92,5420.26,-11.11,-0.2,2375.56,635.04,50.0,38.96
20220729,5432.32,5533.05,5398.76,5420.97,0.71,0.01,2511.12,604.7,50.0,38.99
20220801,5382.5,5467.38,5290.42,5452.1,31.13,0.57,1998.29,523.95,50.0,39.22
20220802,5347.89,5435.35,5279.25,5347.61,-104.49,-1.92,2273.54,566.11,50.0,38.54
20220803,5393.26,5432.89,5134.97,5160.41,-187.2,-3.5,2171.44,578.24,50.0,37.11
20220804,5193.8,5221.28,5074.44,5155.99,-4.42,-0.08,1749.0,459.79,50.0,36.96
20220805,5176.48,5199.92,5077.59,5162.07,6.08,0.12,1624.79,423.42,50.0,37.08
20220808,5138.1,5231.54,5042.31,5224.81,62.74,1.21,1511.71,418.69,50.0,37.54
20220809,5222.86,5469.6,5193.86,5394.34,169.52,3.24,2137.66,635.96,50.0,38.74
20220810,5378.48,5459.87,5337.06,5416.4,22.06,0.41,2072.28,526.18,50.0,38.9
20220811,5450.71,5459.78,5310.72,5429.08,12.68,0.23,1757.58,487.09,50.0,38.96
20220812,5411.11,5433.17,5321.43,5321.52,-107.55,-1.98,1535.39,384.76,50.0,38.29
20220815,5321.46,5564.17,5320.55,5545.59,224.06,4.21,1902.18,583.33,50.0,39.81
20220816,5555.29,5692.0,5528.59,5622.61,77.02,1.39,2242.01,653.3,50.0,40.34
20220817,5635.39,5763.17,5614.85,5641.81,19.2,0.34,2658.7,658.15,50.0,40.43
20220818,5645.81,5793.34,5644.66,5760.49,118.68,2.1,2424.52,646.46,50.0,41.23
20220819,5775.69,5783.19,5549.1,5608.24,-152.25,-2.64,3327.53,915.02,50.0,39.92
20220822,5574.44,5614.97,5489.17,5581.57,-26.67,-0.47,2794.84,755.99,50.0,39.52
20220823,5567.41,5738.22,5567.41,5659.54,77.97,1.4,2371.14,655.82,50.0,40.09
20220824,5665.38,5673.59,5469.11,5480.16,-179.38,-3.17,2316.61,564.87,50.0,38.88
20220825,5509.87,5519.78,5291.43,5359.36,-120.8,-2.2,1868.63,515.2,50.0,38.09
20220826,5391.69,5443.03,5271.37,5285.49,-73.87,-1.38,1766.3,481.28,50.0,37.63
20220829,5164.84,5400.61,5154.31,5380.84,95.35,1.8,1714.45,488.89,50.0,38.3
20220830,5391.62,5415.59,5279.13,5289.34,-91.51,-1.7,1469.71,422.03,50.0,37.7
20220831,5270.34,5300.62,4952.08,4960.89,-328.45,-6.21,1922.77,588.29,50.0,35.46
20220901,4970.26,5011.64,4914.95,4948.47,-12.43,-0.25,1196.7,357.62,50.0,32.78
20220902,4958.91,4971.81,4812.46,4887.76,-60.71,-1.23,1094.82,345.55,50.0,32.17
20220905,4886.55,5025.75,4882.21,4964.1,76.35,1.56,1103.92,366.37,50.0,32.64
20220906,4993.44,5208.24,4916.17,5203.01,238.9,4.81,1536.67,520.54,50.0,34.23
20220907,5160.23,5358.03,5156.31,5266.59,63.59,1.22,1554.29,486.25,50.0,34.74
20220908,5284.33,5342.88,5242.34,5251.25,-15.35,-0.29,1247.01,363.13,50.0,34.66
20220909,5251.33,5260.58,5105.5,5169.74,-81.5,-1.55,1003.33,328.3,50.0,34.12
20220913,5199.07,5207.92,5066.94,5141.77,-27.97,-0.54,961.18,282.12,50.0,33.97
20220914,5059.31,5163.63,5023.04,5060.02,-81.76,-1.59,1000.61,278.95,50.0,33.46
20220915,5081.68,5089.35,4671.05,4717.76,-342.25,-6.76,1962.01,542.21,50.0,31.11
20220916,4700.04,4804.02,4668.4,4668.4,-49.37,-1.05,1205.08,338.11,50.0,30.84
20220919,4659.69,4723.11,4582.39,4619.33,-49.07,-1.05,961.98,264.72,50.0,30.49
20220920,4672.83,4845.02,4672.83,4759.75,140.42,3.04,1191.6,347.25,50.0,31.48
20220921,4736.0,4797.85,4678.05,4707.31,-52.44,-1.1,1093.27,273.8,50.0,31.09
20220922,4671.76,4806.23,4606.25,4731.81,24.5,0.52,1005.41,284.18,50.0,31.27
20220923,4743.82,4815.43,4637.91,4678.8,-53.01,-1.12,980.24,282.31,50.0,30.93
20220926,4643.44,4847.04,4635.5,4752.77,73.97,1.58,1023.26,335.15,50.0,31.47
20220927,4774.02,4823.33,4710.64,4783.29,30.52,0.64,1017.15,288.43,50.0,31.59
20220928,4785.52,4838.29,4608.16,4608.42,-174.88,-3.65,1040.98,300.8,50.0,30.5
20220929,4672.01,4717.71,4569.55,4691.86,83.45,1.81,1011.44,313.07,50.0,31.08
20220930,4682.25,4697.64,4542.01,4545.91,-145.96,-3.11,911.51,284.82,50.0,30.03
20221010,4551.03,4623.92,4432.23,4454.52,-91.38,-2.01,895.8,267.71,50.0,29.39
20221011,4471.51,4559.7,4460.64,4503.4,48.87,1.1,851.16,271.03,50.0,29.66
20221012,4503.22,4691.86,4378.93,4691.51,188.11,4.18,1242.22,394.44,50.0,30.87
20221013,4651.02,4790.02,4637.59,4659.36,-32.15,-0.69,1102.11,366.63,50.0,30.59
20221014,4740.38,4947.92,4654.02,4872.34,212.98,4.57,1606.63,551.61,50.0,32.07
20221017,4809.05,4838.44,4703.95,4805.05,-67.29,-1.38,1137.53,368.3,50.0,31.59
20221018,4816.65,4907.84,4785.18,4835.14,30.08,0.63,1196.23,346.52,50.0,31.74
20221019,4813.86,4886.73,4762.41,4763.8,-71.34,-1.47,1036.24,304.74,50.0,31.27
20221020,4719.55,4724.02,4576.79,4629.61,-134.18,-2.82,1054.83,327.14,50.0,30.32
20221021,4631.37,4708.04,4610.4,4661.92,32.31,0.7,923.06,284.37,50.0,30.54
20221024,4645.19,4678.83,4528.34,4564.31,-97.61,-2.09,1102.9,312.05,50.0,29.86
20221025,4556.11,4760.61,4520.23,4694.36,130.04,2.85,1349.34,377.38,50.0,30.79
20221026,4705.24,4826.87,4664.64,4808.97,114.61,2.44,1326.42,409.17,50.0,31.62
20221027,4890.78,5001.22,4783.72,4783.72,-25.25,-0.53,1318.85,461.69,50.0,31.55
20221028,4750.31,4800.12,4610.88,4627.64,-156.08,-3.26,1251.93,364.93,50.0,30.59
20221031,4584.4,4664.36,4522.87,4548.89,-78.75,-1.7,1184.01,371.81,50.0,29.97
20221101,4566.29,4739.61,4566.05,4734.3,185.4,4.08,1384.55,421.04,50.0,25.8
20221102,4703.38,4845.51,4689.89,4813.31,79.01,1.67,1308.41,397.59,50.0,26.32
20221103,4783.41,4935.23,4778.75,4850.74,37.43,0.78,1226.53,395.28,50.0,26.45
20221104,4855.43,5069.93,4855.23,5065.8,215.06,4.43,1702.84,508.38,50.0,27.63
20221107,5059.3,5100.87,5001.63,5024.58,-41.22,-0.81,1321.49,425.06,50.0,27.41
20221108,5016.99,5027.57,4898.96,4956.39,-68.19,-1.36,1042.07,337.67,50.0,27.04
20221109,4942.22,4950.05,4850.06,4856.97,-99.42,-2.0,905.8,295.02,50.0,26.45
20221110,4819.87,4847.37,4718.21,4738.48,-118.49,-2.44,940.97,310.92,50.0,25.78
20221111,4892.69,4902.57,4741.72,4765.31,26.84,0.57,1293.35,403.7,50.0,25.9
20221114,4746.1,4774.54,4574.94,4602.74,-162.58,-3.41,1194.61,394.19,50.0,25.02
20221115,4603.19,4707.8,4602.94,4706.94,104.2,2.26,1226.57,391.12,50.0,25.54
20221116,4696.61,4716.57,4612.95,4625.99,-80.94,-1.72,1112.2,326.81,50.0,25.05
20221117,4608.77,4609.42,4502.12,4552.64,-73.36,-1.58,1002.74,318.5,50.0,24.65
20221118,4564.31,4641.58,4490.13,4569.26,16.63,0.37,1095.78,363.52,50.0,24.77
20221121,4551.45,4616.12,4528.34,4592.59,23.33,0.51,1017.06,296.89,50.0,24.89
20221122,4577.29,4577.29,4456.43,4468.01,-124.58,-2.71,1034.55,291.15,50.0,24.11
20221123,4462.02,4645.03,4444.73,4626.2,158.19,3.54,1263.85,377.81,50.0,24.97
20221124,4625.75,4671.07,4598.34,4602.12,-24.08,-0.52,902.68,283.13,50.0,24.86
20221125,4565.37,4565.37,4480.16,4483.79,-118.33,-2.57,772.19,241.01,50.0,24.2
20221128,4385.66,4468.45,4374.47,4461.41,-22.38,-0.5,920.58,253.82,50.0,24.06
20221129,4460.52,4500.04,4426.1,4454.98,-6.43,-0.14,967.87,257.9,50.0,24.01
20221130,4452.61,4509.61,4429.53,4472.89,17.91,0.4,881.46,254.39,50.0,24.16
20221201,4517.71,4559.19,4487.29,4518.93,46.03,1.03,997.0,315.92,50.0,24.45
20221202,4505.58,4628.21,4497.69,4570.04,51.12,1.13,1176.52,368.18,50.0,24.76
20221205,4534.42,4536.84,4410.47,4438.33,-131.71,-2.88,1418.1,425.72,50.0,24.03
20221206,4427.58,4457.98,4356.19,4402.56,-35.77,-0.8,1124.82,357.05,50.0,23.84
20221207,4376.77,4464.41,4370.69,4407.18,4.62,0.1,951.04,284.04,50.0,23.88
20221208,4398.42,4523.27,4385.16,4431.42,24.25,0.55,1029.31,325.24,50.0,24.05
20221209,4426.11,4435.34,4376.96,4408.09,-23.34,-0.53,1113.3,319.18,50.0,23.91
20221212,4378.36,4385.64,4315.11,4343.39,-64.7,-1.47,864.13,237.06,50.0,21.8
20221213,4341.9,4354.15,4226.94,4233.84,-109.55,-2.52,758.48,253.95,50.0,21.26
20221214,4232.71,4262.86,4177.76,4201.56,-32.28,-0.76,647.57,214.52,50.0,21.09
20221215,4194.95,4263.33,4176.39,4259.93,58.37,1.39,651.59,204.68,50.0,21.37
20221216,4230.26,4238.32,4142.52,4163.12,-96.81,-2.27,687.22,204.87,50.0,20.92
20221219,4147.75,4218.76,4122.01,4133.37,-29.75,-0.71,675.34,179.75,50.0,20.8
20221220,4127.6,4166.24,4091.93,4134.74,1.37,0.03,537.94,169.98,50.0,20.81
20221221,4133.19,4135.87,4019.5,4039.3,-95.45,-2.31,611.9,174.49,50.0,20.34
20221222,4058.33,4062.78,3912.77,3923.14,-116.16,-2.88,930.18,276.12,50.0,19.74
20221223,3902.95,3929.9,3826.68,3857.46,-65.67,-1.67,692.01,214.37,50.0,19.41
20221226,3854.77,4101.78,3854.77,4095.48,238.02,6.17,951.78,323.06,50.0,20.58
20221227,4103.35,4213.48,4098.69,4203.11,107.63,2.63,878.44,317.57,50.0,21.1
20221228,4168.54,4265.82,4161.82,4233.57,30.46,0.72,1254.09,318.75,50.0,21.25
20221229,4216.09,4267.58,4197.92,4206.12,-27.45,-0.65,901.06,224.49,50.0,21.12
20221230,4227.52,4278.94,4197.64,4234.33,28.22,0.67,816.63,234.56,50.0,21.22
20230103,4219.93,4319.9,4169.72,4301.32,66.98,1.58,1051.44,312.81,50.0,21.55
20230104,4299.84,4302.33,4172.65,4201.39,-99.93,-2.32,928.17,289.29,50.0,21.05
20230105,4203.95,4301.65,4196.45,4275.42,74.03,1.76,1089.05,305.49,50.0,21.41
20230106,4304.26,4556.46,4304.26,4489.03,213.61,5.0,1798.59,567.23,50.0,22.51
20230109,4516.54,4567.75,4452.27,4494.8,5.77,0.13,1372.99,444.35,50.0,22.52
20230110,4544.23,4583.29,4500.82,4518.01,23.21,0.52,1174.42,351.07,50.0,22.6
20230111,4519.46,4534.76,4458.24,4459.57,-58.44,-1.29,1050.26,312.24,50.0,22.31
20230112,4470.88,4528.8,4463.95,4472.8,13.22,0.3,985.61,281.77,50.0,22.4
20230113,4503.05,4505.57,4412.15,4450.0,-22.79,-0.51,860.11,260.68,50.0,22.31
20230116,4448.22,4567.14,4425.02,4500.98,50.98,1.15,1006.78,328.46,50.0,22.56
20230117,4515.54,4557.93,4498.93,4528.63,27.65,0.61,716.02,238.76,50.0,22.72
20230118,4543.93,4566.83,4504.0,4537.63,9.0,0.2,669.96,225.92,50.0,22.78
20230119,4524.17,4528.79,4480.64,4509.89,-27.74,-0.61,647.09,213.54,50.0,22.65
20230120,4542.16,4619.42,4533.06,4619.42,109.54,2.43,955.17,333.54,50.0,23.18
20230130,4692.29,4715.32,4640.23,4647.02,27.6,0.6,1388.22,420.38,50.0,23.33
20230131,4635.13,4714.8,4633.2,4687.88,40.86,0.88,1156.31,333.68,50.0,23.49
20230201,4700.53,4707.37,4589.39,4669.87,-18.01,-0.38,1339.41,397.93,50.0,23.39
20230202,4664.74,4675.53,4608.83,4620.81,-49.06,-1.05,1146.4,332.74,50.0,23.16
20230203,4607.76,4608.87,4482.19,4537.03,-83.78,-1.81,1067.33,307.88,50.0,22.71
20230206,4522.6,4543.29,4482.34,4513.68,-23.35,-0.51,816.8,242.58,50.0,22.57
20230207,4522.68,4554.09,4475.36,4508.13,-5.55,-0.12,870.87,261.0,50.0,22.52
20230208,4510.45,4543.38,4485.88,4489.7,-18.43,-0.41,872.56,237.68,50.0,22.42
20230209,4476.19,4576.97,4451.64,4552.23,62.54,1.39,1059.32,303.76,50.0,22.72
20230210,4543.46,4544.48,4462.79,4483.34,-68.89,-1.51,980.89,261.9,50.0,22.38
20230213,4470.4,4520.07,4459.38,4480.97,-2.37,-0.05,1054.18,275.38,50.0,22.38
20230214,4493.21,4510.93,4444.58,4487.07,6.1,0.14,1034.57,277.6,50.0,22.42
20230215,4488.63,4540.1,4447.8,4460.66,-26.41,-0.59,1006.97,294.81,50.0,22.32
20230216,4457.5,4496.19,4350.67,4377.84,-82.82,-1.86,1320.59,315.31,50.0,21.92
20230217,4375.46,4388.94,4286.25,4286.32,-91.53,-2.09,901.03,244.46,50.0,21.47
20230220,4277.5,4380.93,4255.67,4380.23,93.91,2.19,979.33,269.52,50.0,21.92
20230221,4379.47,4465.36,4356.4,4435.24,55.01,1.26,1148.49,323.14,50.0,22.2
20230222,4404.65,4473.76,4387.14,4395.87,-39.37,-0.89,763.98,222.5,50.0,21.98
20230223,4393.27,4530.47,4393.12,4506.24,110.37,2.51,1011.86,366.83,50.0,22.54
20230224,4509.66,4509.66,4420.77,4430.93,-75.3,-1.67,750.29,238.34,50.0,22.15
20230227,4407.48,4533.8,4387.78,4448.28,17.35,0.39,846.18,271.51,50.0,22.23
20230228,4445.68,4457.51,4396.47,4456.49,8.21,0.18,807.31,237.28,50.0,22.28
20230301,4450.81,4450.91,4383.23,4399.38,-57.11,-1.28,809.17,256.61,50.0,21.98
20230302,4414.18,4421.13,4312.08,4320.95,-78.43,-1.78,884.71,268.61,50.0,21.58
20230303,4323.44,4360.37,4307.86,4314.9,-6.05,-0.14,742.49,198.6,50.0,21.56
20230306,4332.13,4487.35,4288.32,4470.06,155.16,3.6,1318.05,455.44,50.0,22.31
20230307,4453.53,4483.48,4418.73,4420.91,-49.15,-1.1,993.7,311.42,50.0,22.07
20230308,4408.68,4489.33,4351.55,4375.98,-44.94,-1.02,809.83,278.85,50.0,21.86
20230309,4387.74,4402.07,4341.84,4343.47,-32.5,-0.74,719.53,236.03,50.0,21.68
20230310,4318.9,4347.24,4269.48,4304.64,-38.84,-0.89,809.12,241.49,50.0,21.48
20230313,4309.77,4353.49,4273.43,4295.01,-9.63,-0.22,867.45,259.59,50.0,21.41
20230314,4291.08,4296.46,4120.14,4214.54,-80.46,-1.87,1047.89,354.73,50.0,21.05
20230315,4228.58,4306.13,4200.71,4215.75,1.21,0.03,838.44,260.18,50.0,21.06
20230316,4175.4,4182.28,4008.9,4018.22,-197.53,-4.69,1082.09,385.07,50.0,20.07
20230317,4042.04,4059.67,3972.98,3984.35,-33.87,-0.84,891.71,298.05,50.0,19.89
20230320,3966.7,4081.23,3917.4,4029.38,45.02,1.13,963.57,318.16,50.0,20.1
20230321,4026.16,4061.19,3980.06,4054.54,25.17,0.62,758.58,248.89,50.0,20.21
20230322,4080.68,4112.23,4023.26,4045.01,-9.53,-0.24,746.81,244.65,50.0,20.14
20230323,4027.6,4049.8,4002.56,4017.81,-27.2,-0.67,1157.8,241.8,50.0,19.99
20230324,4016.25,4084.94,3969.01,4049.63,31.83,0.79,1394.19,305.37,50.0,20.16
20230327,4039.22,4136.3,4019.41,4118.62,68.99,1.7,1185.47,337.73,50.0,20.47
20230328,4112.76,4131.17,4060.36,4065.79,-52.83,-1.28,988.02,247.1,50.0,20.18
20230329,4084.61,4125.46,4048.8,4072.96,7.16,0.18,762.93,219.05,50.0,20.24
20230330,4067.63,4128.99,4035.5,4128.99,56.03,1.38,930.67,267.45,50.0,20.49
20230331,4135.87,4191.36,4117.71,4127.28,-1.71,-0.04,994.29,266.97,50.0,20.5
20230403,4126.63,4206.18,4109.6,4170.7,43.42,1.05,1050.04,307.73,50.0,20.71
20230404,4168.76,4168.76,4036.56,4077.72,-92.98,-2.23,1093.84,340.74,50.0,20.26
20230406,4069.47,4113.12,4040.87,4103.73,26.01,0.64,903.57,260.11,50.0,20.36
20230407,4100.4,4136.61,4082.24,4085.92,-17.81,-0.43,699.68,203.53,50.0,20.29
20230410,4111.47,4152.45,4080.65,4150.89,64.97,1.59,1211.71,336.63,50.0,20.61
20230411,4149.95,4166.89,4107.48,4137.16,-13.73,-0.33,982.83,302.69,50.0,20.55
20230412,4124.71,4142.41,4045.82,4055.26,-81.9,-1.98,890.23,256.97,50.0,20.14
20230413,4068.34,4095.45,4028.15,4030.66,-24.6,-0.61,1024.63,237.26,50.0,20.02
20230414,4009.03,4075.2,3989.45,4052.58,21.92,0.54,956.53,271.0,50.0,20.14
20230417,4050.82,4118.78,4048.65,4074.49,21.9,0.54,873.35,248.25,50.0,20.25
20230418,4079.44,4151.09,4068.67,4127.94,53.45,1.31,1029.96,322.57,50.0,20.51
