time,open,close,high,low,chg,chgp,vol,bollUpper,bollMiddle,bollLower,slowK,slowD,slowJ,td9,eneUpper,eneLower
2022-01-04,1958.91,1925.18,1958.91,1920.44,-59.46,-3.0,1538.46,0.0,0.0,0.0,0.0,0.0,0.0,2,0.0,0.0
2022-01-05,1924.47,1881.29,1924.47,1880.07,-43.89,-2.28,1232.65,0.0,0.0,0.0,0.0,0.0,0.0,2,0.0,0.0
2022-01-06,1881.83,1901.3,1914.01,1855.66,20.01,1.06,1388.41,0.0,0.0,0.0,0.0,0.0,0.0,2,0.0,0.0
2022-01-07,1889.86,1871.96,1897.13,1869.51,-29.34,-1.54,1478.38,0.0,0.0,0.0,0.0,0.0,0.0,2,0.0,0.0
2022-01-10,1892.12,1913.11,1921.29,1879.75,41.15,2.2,1254.69,0.0,0.0,0.0,0.0,0.0,0.0,2,0.0,0.0
2022-01-11,1903.05,1919.35,1929.36,1896.64,6.24,0.33,1457.49,0.0,0.0,0.0,0.0,0.0,0.0,2,0.0,0.0
2022-01-12,1912.93,1967.74,1969.15,1912.93,48.39,2.52,1505.74,0.0,0.0,0.0,0.0,0.0,0.0,2,0.0,0.0
2022-01-13,1964.59,1935.86,1975.28,1935.73,-31.88,-1.62,1510.25,0.0,0.0,0.0,0.0,0.0,0.0,2,0.0,0.0
2022-01-14,1942.7,1991.44,2004.49,1931.4,55.58,2.87,1886.01,0.0,0.0,0.0,0.0,0.0,0.0,2,0.0,0.0
2022-01-17,1980.26,1969.94,1990.85,1962.03,-21.5,-1.08,1513.86,0.0,0.0,0.0,0.0,0.0,0.0,2,2139.77,1715.67
2022-01-18,1947.38,1925.15,1955.33,1922.74,-44.79,-2.27,1436.1,0.0,0.0,0.0,0.0,0.0,0.0,2,2139.76,1715.67
2022-01-19,1907.46,1893.39,1917.42,1888.92,-31.76,-1.65,1005.65,0.0,0.0,0.0,0.0,0.0,0.0,2,2141.11,1716.74
2022-01-20,1924.98,1903.43,1932.45,1903.18,10.04,0.53,1373.94,0.0,0.0,0.0,0.0,0.0,0.0,2,2141.34,1716.93
2022-01-21,1882.63,1835.85,1882.63,1831.47,-67.58,-3.55,1187.77,0.0,0.0,0.0,0.0,0.0,0.0,2,2137.33,1713.72
2022-01-24,1826.86,1823.42,1847.63,1815.91,-12.43,-0.68,746.53,0.0,0.0,0.0,0.0,0.0,0.0,2,2127.38,1705.74
2022-01-25,1815.09,1775.68,1834.79,1775.49,-47.74,-2.62,834.67,0.0,0.0,0.0,0.0,0.0,0.0,2,2111.43,1692.95
2022-01-26,1776.44,1741.12,1785.41,1734.17,-34.56,-1.95,586.31,0.0,0.0,0.0,11.65,27.34,-19.74,2,2086.28,1672.78
2022-01-27,1738.14,1706.94,1740.95,1704.81,-34.18,-1.96,655.82,0.0,0.0,0.0,8.01,20.9,-17.76,2,2060.87,1652.41
2022-01-28,1710.84,1690.79,1723.1,1690.22,-16.15,-0.95,517.0,0.0,0.0,0.0,5.41,15.74,-15.23,1,2027.49,1625.65
2022-02-07,1721.19,1713.31,1733.88,1708.21,22.52,1.33,521.12,2045.0,1864.31,1683.63,6.79,12.75,-5.15,1,1999.01,1602.81
2022-02-08,1688.58,1699.95,1700.4,1665.6,-13.36,-0.78,694.22,2044.89,1853.05,1661.21,8.82,11.44,3.56,1,1974.01,1582.77
2022-02-09,1693.28,1724.25,1728.92,1680.93,24.3,1.43,916.41,2044.48,1845.2,1645.92,14.88,12.59,19.48,2,1955.24,1567.71
2022-02-10,1717.55,1713.14,1733.56,1708.57,-11.11,-0.64,780.85,2041.26,1835.79,1630.32,18.63,14.6,26.68,2,1934.11,1550.78
2022-02-11,1691.18,1642.34,1695.54,1640.57,-70.8,-4.13,835.19,2045.47,1824.31,1603.15,12.72,13.98,10.22,2,1912.63,1533.55
2022-02-14,1646.33,1662.79,1680.31,1642.71,20.45,1.25,684.09,2039.67,1811.79,1583.92,13.6,13.85,13.09,2,1894.8,1519.26
2022-02-15,1655.58,1711.75,1713.01,1655.03,48.96,2.94,752.19,2027.65,1801.41,1575.17,32.7,20.13,57.84,2,1887.71,1513.57
2022-02-16,1708.82,1724.71,1737.94,1708.07,12.96,0.76,645.93,2004.29,1789.26,1574.23,50.6,30.29,91.23,2,1885.89,1512.11
2022-02-17,1723.83,1721.93,1735.84,1714.58,-2.78,-0.16,729.06,1984.45,1778.57,1572.68,61.59,40.72,103.32,2,1887.55,1513.44
2022-02-18,1715.66,1744.12,1746.63,1712.05,22.19,1.29,714.17,1947.73,1766.2,1584.67,73.6,51.68,117.44,2,1893.47,1518.19
2022-02-21,1762.23,1761.53,1764.07,1740.71,17.41,1.0,980.05,1911.41,1755.78,1600.15,81.72,61.69,121.76,2,1898.82,1522.48
2022-02-22,1736.49,1719.99,1739.29,1710.4,-41.54,-2.36,991.67,1880.86,1745.52,1610.18,75.91,66.43,94.87,2,1901.05,1524.26
2022-02-23,1721.02,1749.73,1752.22,1721.02,29.74,1.73,988.42,1855.56,1738.34,1621.11,80.07,70.98,98.26,2,1903.88,1526.53
2022-02-24,1734.56,1698.76,1760.83,1679.16,-50.97,-2.91,1364.1,1818.58,1728.1,1637.63,68.78,70.25,65.84,2,1902.28,1525.25
2022-02-25,1721.2,1775.83,1777.02,1721.2,77.07,4.54,1098.26,1804.37,1725.1,1645.84,78.86,73.12,90.34,2,1917.1,1537.13
2022-02-28,1776.25,1787.84,1788.78,1749.67,12.01,0.68,1056.77,1794.91,1723.32,1651.74,85.62,77.28,102.29,2,1930.98,1548.26
2022-03-01,1778.1,1786.52,1796.64,1769.76,-1.32,-0.07,840.77,1797.17,1723.87,1650.56,87.54,80.7,101.22,2,1939.28,1554.92
2022-03-02,1765.84,1765.82,1779.95,1748.16,-20.7,-1.16,983.3,1800.33,1725.1,1649.87,82.95,81.45,85.94,2,1943.84,1558.57
2022-03-03,1777.45,1756.11,1779.85,1754.34,-9.71,-0.55,1084.81,1803.47,1727.56,1651.65,77.13,80.01,71.37,2,1947.63,1561.62
2022-03-04,1751.32,1750.04,1785.04,1743.73,-6.07,-0.35,1123.17,1805.07,1730.52,1655.98,71.53,77.19,60.23,2,1948.29,1562.14
2022-03-07,1741.41,1690.81,1741.41,1683.83,-59.23,-3.38,848.59,1805.61,1729.4,1653.18,50.99,68.46,16.07,2,1940.44,1555.85
2022-03-08,1688.8,1606.87,1693.59,1606.87,-83.94,-4.96,1030.64,1817.22,1724.74,1632.27,34.0,56.97,-11.95,2,1927.88,1545.78
2022-03-09,1612.93,1569.99,1612.93,1514.73,-36.88,-2.3,962.01,1831.5,1717.03,1602.56,29.2,47.71,-7.83,2,1907.93,1529.78
2022-03-10,1604.54,1638.25,1639.6,1598.01,68.26,4.35,1119.4,1832.81,1713.29,1593.77,34.07,43.17,15.88,2,1901.22,1524.4
2022-03-11,1618.22,1714.87,1716.65,1618.22,76.62,4.68,1466.61,1831.92,1716.91,1601.91,46.38,44.24,50.66,2,1894.45,1518.97
2022-03-14,1732.95,1712.74,1763.0,1712.74,-2.13,-0.12,1562.77,1831.74,1719.41,1607.08,55.34,47.94,70.14,2,1886.11,1512.29
2022-03-15,1699.33,1670.39,1728.37,1669.54,-42.35,-2.47,1289.61,1831.67,1717.34,1603.02,56.09,50.65,66.95,2,1873.22,1501.95
2022-03-16,1694.64,1706.65,1716.33,1625.36,36.26,2.17,1264.51,1830.8,1716.44,1602.07,61.06,54.12,74.93,2,1866.66,1496.69
2022-03-17,1724.66,1779.72,1823.79,1724.66,73.07,4.28,1633.75,1836.98,1719.33,1601.68,69.29,59.18,89.5,2,1869.28,1498.79
2022-03-18,1775.3,1821.35,1831.88,1775.14,41.63,2.34,1640.3,1848.65,1723.19,1597.73,78.42,65.59,104.07,2,1877.19,1505.14
2022-03-21,1832.0,1846.15,1849.07,1812.47,24.8,1.36,1578.71,1863.06,1727.42,1591.78,85.32,72.17,111.63,2,1894.43,1518.96
2022-03-22,1815.76,1771.19,1822.06,1768.3,-74.96,-4.06,1236.03,1866.89,1729.98,1593.07,79.87,74.74,90.15,2,1912.67,1533.59
2022-03-23,1777.0,1804.88,1815.9,1764.41,33.69,1.9,1041.11,1873.3,1732.74,1592.18,80.2,76.56,87.49,0,1938.75,1554.49
2022-03-24,1781.67,1847.38,1866.11,1774.04,42.5,2.35,1256.66,1888.27,1740.17,1592.07,84.21,79.11,94.41,0,1961.96,1573.1
2022-03-25,1841.12,1791.22,1848.25,1791.22,-56.16,-3.04,1150.47,1889.93,1740.94,1591.95,79.1,79.11,79.1,2,1970.44,1579.9
2022-03-28,1783.94,1763.39,1787.82,1754.1,-27.83,-1.55,996.97,1887.55,1739.72,1591.89,71.85,76.69,62.17,2,1976.06,1584.41
2022-03-29,1768.97,1781.94,1796.44,1760.65,18.55,1.05,1165.34,1887.04,1739.49,1591.93,61.4,71.59,41.01,2,1988.44,1594.33
2022-03-30,1778.63,1803.34,1809.89,1757.06,21.4,1.2,1116.2,1891.15,1741.36,1591.58,55.58,66.25,34.24,2,1999.17,1602.94
2022-03-31,1810.74,1808.34,1842.35,1805.81,5.0,0.28,1411.3,1896.49,1743.98,1591.46,53.2,61.9,35.79,2,2002.35,1605.49
2022-04-01,1793.21,1774.85,1793.21,1768.61,-33.49,-1.85,1147.01,1898.31,1745.22,1592.12,41.64,55.15,14.62,2,1997.19,1601.35
2022-04-06,1796.3,1805.03,1813.12,1787.07,30.18,1.7,1191.27,1904.0,1750.93,1597.85,42.92,51.07,26.61,2,1992.62,1597.69
2022-04-07,1798.99,1764.88,1807.02,1762.85,-40.15,-2.22,1212.26,1896.92,1758.83,1620.73,31.82,44.65,6.15,2,1991.92,1597.13
2022-04-08,1754.26,1746.17,1773.77,1741.0,-18.71,-1.06,1002.4,1875.62,1767.64,1659.66,22.82,37.38,-6.29,2,1985.41,1591.9
2022-04-11,1736.31,1730.42,1766.85,1725.01,-15.75,-0.9,883.33,1864.46,1772.24,1680.03,16.75,30.5,-10.75,2,1972.42,1581.49
2022-04-12,1727.61,1757.79,1763.65,1723.17,27.37,1.58,744.47,1863.1,1774.39,1685.69,20.85,27.28,7.98,2,1968.71,1578.52
2022-04-13,1738.23,1688.92,1738.23,1688.92,-68.87,-3.92,873.7,1865.74,1773.2,1680.66,13.9,22.82,-3.95,2,1960.45,1571.89
2022-04-14,1706.69,1673.52,1712.3,1646.32,-15.4,-0.91,847.36,1865.21,1773.36,1681.5,13.89,19.85,1.98,2,1948.41,1562.24
2022-04-15,1668.36,1709.22,1737.15,1663.28,35.7,2.13,810.38,1864.97,1773.48,1682.0,21.83,20.51,24.48,2,1937.96,1553.86
2022-04-18,1696.63,1712.89,1720.18,1672.77,3.67,0.21,632.64,1865.28,1770.14,1675.0,27.86,22.96,37.66,2,1927.37,1545.37
2022-04-19,1705.93,1672.77,1712.15,1667.07,-40.12,-2.34,592.17,1863.72,1762.71,1661.71,24.06,23.32,25.53,1,1916.04,1536.28
2022-04-20,1667.19,1625.5,1667.19,1619.85,-47.27,-2.83,636.47,1861.63,1751.68,1641.73,17.26,21.3,9.18,1,1896.11,1520.31
2022-04-21,1621.7,1582.36,1629.87,1577.68,-43.14,-2.65,625.73,1874.11,1742.24,1610.37,12.33,18.31,0.37,1,1875.85,1504.06
2022-04-22,1564.08,1550.11,1570.66,1539.0,-32.25,-2.04,652.98,1882.27,1729.5,1576.73,9.87,15.5,-1.39,1,1854.09,1486.61
2022-04-25,1527.57,1464.62,1536.96,1464.62,-85.49,-5.52,779.76,1892.37,1710.36,1528.35,6.58,12.53,-5.31,1,1824.58,1462.96
2022-04-26,1475.71,1490.87,1523.22,1464.68,26.25,1.79,824.71,1896.73,1695.35,1493.97,7.6,10.88,1.03,1,1794.96,1439.2
2022-04-27,1474.65,1516.05,1516.05,1450.83,25.18,1.69,878.93,1896.16,1682.98,1469.8,12.66,11.47,15.02,1,1775.77,1423.81
2022-04-28,1500.57,1491.72,1508.49,1469.6,-24.33,-1.6,788.71,1891.99,1668.47,1444.95,13.5,12.15,16.2,1,1755.59,1407.63
2022-04-29,1491.94,1544.17,1548.64,1487.5,52.45,3.52,999.98,1876.28,1655.51,1434.74,20.91,15.07,32.58,2,1737.27,1392.94
2022-05-05,1522.76,1553.32,1564.7,1522.76,9.15,0.59,884.87,1856.08,1642.76,1429.43,29.73,19.95,49.27,2,1719.56,1378.74
2022-05-06,1515.49,1525.64,1543.1,1512.89,-27.68,-1.78,880.94,1840.39,1630.3,1420.2,33.75,24.55,52.13,2,1703.22,1365.65
2022-05-09,1520.57,1536.09,1543.92,1512.84,10.45,0.68,840.5,1814.55,1616.85,1419.15,46.21,31.77,75.1,2,1693.3,1357.69
2022-05-10,1511.85,1537.62,1544.64,1511.03,1.53,0.1,769.61,1793.75,1605.49,1417.23,56.22,39.92,88.81,2,1688.33,1353.71
2022-05-11,1542.67,1567.66,1605.94,1537.51,30.04,1.95,1009.47,1773.91,1596.56,1419.22,62.58,47.47,92.8,2,1690.28,1355.27
2022-05-12,1562.61,1586.54,1603.92,1557.06,18.88,1.2,925.14,1755.75,1589.37,1422.99,70.89,55.28,102.1,2,1703.81,1366.12
2022-05-13,1602.61,1579.05,1612.12,1568.26,-7.49,-0.47,769.09,1727.77,1580.43,1433.09,72.86,61.14,96.29,2,1713.6,1373.97
2022-05-16,1582.03,1543.23,1583.49,1541.41,-35.82,-2.27,800.1,1712.5,1573.15,1433.79,63.48,61.92,66.6,2,1716.62,1376.39
2022-05-17,1537.76,1515.14,1537.76,1501.01,-28.09,-1.82,769.95,1698.75,1565.23,1431.71,46.56,56.8,26.08,2,1719.22,1378.47
2022-05-18,1510.56,1508.94,1525.58,1507.35,-6.2,-0.41,535.46,1673.17,1555.21,1437.26,33.42,49.0,2.24,2,1715.31,1375.34
2022-05-19,1492.81,1503.07,1503.47,1488.12,-5.87,-0.39,525.7,1639.83,1544.72,1449.62,26.3,41.44,-3.98,2,1709.73,1370.87
2022-05-20,1518.08,1530.58,1547.77,1518.08,27.51,1.83,546.45,1612.47,1537.61,1462.76,28.95,37.27,12.29,2,1710.28,1371.3
2022-05-23,1546.37,1539.86,1546.37,1526.74,9.28,0.61,554.25,1596.47,1533.33,1470.19,33.21,35.92,27.78,2,1710.7,1371.64
2022-05-24,1529.26,1474.73,1529.85,1474.73,-65.13,-4.23,699.62,1591.8,1527.95,1464.1,22.14,31.32,3.76,2,1703.72,1366.04
2022-05-25,1472.35,1480.47,1486.58,1471.18,5.74,0.39,407.72,1590.66,1524.47,1458.28,16.96,26.53,-2.2,2,1694.04,1358.28
2022-05-26,1481.92,1463.38,1481.92,1447.06,-17.09,-1.15,434.21,1590.82,1524.41,1457.99,15.29,22.79,0.3,2,1680.37,1347.32
2022-05-27,1479.25,1474.55,1500.74,1466.5,11.17,0.76,433.59,1592.0,1523.59,1455.18,19.29,21.62,14.63,2,1668.77,1338.02
2022-05-30,1468.58,1474.27,1482.13,1451.19,-0.28,-0.02,401.75,1593.18,1521.5,1449.82,21.87,21.7,22.2,2,1661.11,1331.88
2022-05-31,1466.57,1500.99,1503.9,1450.01,26.72,1.81,468.29,1592.98,1521.96,1450.95,32.43,25.28,46.73,2,1659.54,1330.62
2022-06-01,1499.76,1500.75,1513.82,1484.3,-0.24,-0.02,420.13,1590.62,1519.79,1448.97,39.39,29.98,58.2,2,1658.63,1329.9
2022-06-02,1490.9,1478.21,1495.97,1470.67,-22.54,-1.5,405.5,1587.32,1516.04,1444.76,36.72,32.23,45.69,2,1655.87,1327.68
2022-06-06,1472.74,1518.51,1519.6,1469.27,40.3,2.73,568.08,1586.84,1515.68,1444.53,53.24,39.23,81.27,2,1654.53,1326.61
2022-06-07,1516.57,1551.28,1552.7,1516.57,32.77,2.16,829.97,1588.77,1516.44,1444.12,68.38,48.95,107.25,2,1655.8,1327.63
2022-06-08,1545.49,1566.94,1583.12,1544.68,15.66,1.01,688.49,1593.03,1517.91,1442.79,74.96,57.62,109.63,2,1666.04,1335.83
2022-06-09,1558.74,1523.56,1566.37,1517.16,-43.38,-2.77,553.61,1587.36,1515.7,1444.05,68.39,61.21,82.75,2,1670.82,1339.67
2022-06-10,1513.95,1539.11,1539.78,1513.95,15.55,1.02,484.81,1578.28,1513.33,1448.38,67.91,63.44,76.83,2,1679.23,1346.41
2022-06-13,1511.85,1525.55,1531.18,1508.16,-13.56,-0.88,516.36,1568.58,1510.66,1452.73,64.19,63.69,65.18,2,1684.89,1350.95
2022-06-14,1510.69,1522.19,1530.88,1486.06,-3.36,-0.22,526.69,1565.87,1509.6,1453.34,58.29,61.89,51.08,2,1690.21,1355.21
2022-06-15,1524.92,1530.72,1554.33,1520.0,8.53,0.56,551.6,1567.36,1510.38,1453.41,56.85,60.21,50.13,2,1693.51,1357.86
2022-06-16,1536.79,1553.27,1571.36,1536.79,22.55,1.47,622.39,1572.55,1512.6,1452.65,62.49,60.97,65.54,2,1699.34,1362.53
2022-06-17,1547.05,1587.07,1593.2,1524.98,33.8,2.18,599.04,1584.73,1516.8,1448.87,73.09,65.01,89.25,2,1711.42,1372.22
2022-06-20,1600.78,1626.24,1630.05,1593.15,39.17,2.47,896.85,1604.53,1521.58,1438.63,81.18,70.4,102.73,2,1723.38,1381.81
2022-06-21,1610.56,1616.01,1641.61,1602.56,-10.23,-0.63,764.16,1617.8,1525.39,1432.98,81.97,74.25,97.39,2,1730.56,1387.57
2022-06-22,1619.04,1594.05,1628.14,1594.05,-21.96,-1.36,752.42,1625.3,1531.36,1437.41,77.79,75.43,82.49,2,1733.57,1389.98
2022-06-23,1601.58,1594.19,1601.58,1563.68,0.14,0.01,587.54,1631.74,1537.04,1442.34,75.03,75.3,74.49,2,1741.41,1396.27
2022-06-24,1597.82,1634.55,1643.29,1597.82,40.36,2.53,670.16,1643.03,1545.6,1448.17,81.5,77.36,89.77,2,1752.01,1404.76
2022-06-27,1660.2,1665.02,1678.85,1654.5,30.47,1.86,740.81,1659.87,1555.12,1450.38,84.76,79.83,94.63,0,1767.49,1417.17
2022-06-28,1654.06,1656.11,1660.29,1624.84,-8.91,-0.54,619.41,1670.86,1564.22,1457.57,84.92,81.53,91.7,0,1782.35,1429.09
2022-06-29,1649.54,1655.35,1698.22,1646.2,-0.76,-0.05,727.79,1681.46,1571.93,1462.41,81.7,81.58,81.92,0,1796.19,1440.19
2022-06-30,1662.66,1688.16,1706.05,1662.66,32.81,1.98,685.75,1696.78,1581.3,1465.83,83.61,82.26,86.31,0,1811.16,1452.19
2022-07-01,1694.5,1689.27,1705.35,1676.69,1.11,0.07,537.28,1706.29,1591.86,1477.43,85.14,83.22,88.99,0,1822.5,1461.29
2022-07-04,1705.59,1768.92,1773.25,1692.89,79.65,4.72,726.1,1737.27,1604.38,1471.48,89.41,85.28,97.66,0,1838.34,1473.99
2022-07-05,1769.4,1770.47,1786.23,1730.28,1.55,0.09,689.32,1764.11,1615.34,1466.56,90.58,87.05,97.64,0,1855.49,1487.73
2022-07-06,1773.24,1731.93,1793.64,1720.43,-38.54,-2.18,625.0,1778.87,1623.59,1468.31,83.21,85.77,78.1,0,1870.79,1500.0
2022-07-07,1719.78,1689.63,1719.78,1672.06,-42.3,-2.44,530.48,1782.58,1631.89,1481.2,68.27,79.94,44.94,0,1881.38,1508.5
2022-07-08,1708.19,1703.11,1727.12,1693.32,13.48,0.8,494.15,1787.51,1640.09,1492.68,60.97,73.61,35.68,2,1888.99,1514.6
2022-07-11,1702.73,1702.44,1725.03,1689.83,-0.67,-0.04,644.63,1788.83,1648.93,1509.04,53.36,66.86,26.36,2,1893.15,1517.93
2022-07-12,1702.53,1645.54,1702.53,1645.54,-56.9,-3.34,655.19,1782.42,1655.1,1527.79,35.57,56.43,-6.14,2,1891.98,1516.99
2022-07-13,1645.93,1636.14,1649.91,1622.89,-9.4,-0.57,480.84,1774.72,1660.37,1546.02,26.3,46.39,-13.87,2,1889.84,1515.28
2022-07-14,1639.92,1670.76,1688.77,1639.92,34.62,2.12,457.31,1769.52,1666.25,1562.98,26.88,39.89,0.87,2,1887.91,1513.73
2022-07-15,1660.62,1624.82,1670.19,1624.11,-45.94,-2.75,474.09,1766.83,1668.14,1569.44,18.3,32.69,-10.49,2,1880.76,1507.99
2022-07-18,1606.8,1609.64,1614.4,1565.77,-15.18,-0.93,448.73,1767.66,1667.31,1566.95,18.62,28.0,-0.15,2,1863.08,1493.82
2022-07-19,1601.78,1586.26,1612.19,1570.57,-23.38,-1.45,417.82,1769.98,1665.82,1561.66,16.64,24.21,1.5,2,1842.63,1477.42
2022-07-20,1595.62,1608.32,1622.89,1592.34,22.06,1.39,458.57,1768.9,1666.53,1564.17,19.89,22.77,14.12,1,1828.91,1466.42
2022-07-21,1597.06,1605.52,1621.67,1597.06,-2.8,-0.17,402.07,1767.97,1667.1,1566.23,21.58,22.37,19.99,1,1819.57,1458.94
2022-07-22,1609.08,1575.45,1621.36,1569.89,-30.07,-1.87,455.09,1771.88,1664.14,1556.4,16.74,20.5,9.24,1,1805.4,1447.58
2022-07-25,1569.51,1589.6,1593.33,1562.79,14.15,0.9,525.15,1772.9,1660.37,1547.84,18.26,19.75,15.27,2,1792.88,1437.53
2022-07-26,1594.64,1582.12,1594.64,1567.7,-7.48,-0.47,447.91,1774.27,1656.67,1539.08,17.29,18.93,14.0,2,1785.84,1431.89
2022-07-27,1584.97,1558.05,1584.97,1556.48,-24.07,-1.52,435.41,1777.02,1651.81,1526.59,11.98,16.61,2.72,2,1777.17,1424.94
2022-07-28,1562.95,1543.15,1565.02,1542.49,-14.9,-0.96,424.62,1777.09,1644.56,1512.02,8.26,13.83,-2.87,2,1763.01,1413.58
2022-07-29,1536.83,1509.78,1542.31,1506.37,-33.37,-2.16,477.29,1778.68,1635.58,1492.49,6.48,11.38,-3.31,2,1750.24,1403.34
2022-08-01,1492.26,1505.95,1506.95,1482.58,-3.83,-0.25,398.45,1762.4,1622.43,1482.47,9.87,10.88,7.87,2,1738.73,1394.11
2022-08-02,1481.09,1459.17,1486.37,1450.42,-46.78,-3.11,589.15,1746.76,1606.87,1466.98,8.29,10.01,4.83,2,1724.62,1382.8
2022-08-03,1473.3,1458.61,1486.09,1458.09,-0.56,-0.04,425.48,1734.94,1593.2,1451.46,7.12,9.05,3.26,2,1708.0,1369.48
2022-08-04,1469.59,1492.44,1498.95,1469.59,33.83,2.32,404.85,1724.31,1583.34,1442.37,14.46,10.85,21.67,2,1695.45,1359.41
2022-08-05,1509.11,1529.46,1529.46,1504.68,37.02,2.48,425.68,1706.12,1574.66,1443.2,27.91,16.54,50.65,2,1690.34,1355.32
2022-08-08,1531.85,1523.77,1543.03,1519.53,-5.69,-0.37,469.65,1684.96,1565.73,1446.5,36.78,23.28,63.76,2,1683.04,1349.46
2022-08-09,1509.88,1513.59,1514.93,1503.16,-10.18,-0.67,342.9,1674.51,1559.13,1443.75,42.89,29.82,69.04,2,1675.43,1343.36
2022-08-10,1511.79,1494.81,1514.42,1485.51,-18.78,-1.24,316.91,1664.99,1552.06,1439.13,44.57,34.74,64.24,2,1668.41,1337.73
2022-08-11,1505.72,1542.58,1548.42,1505.72,47.77,3.2,374.73,1644.59,1545.65,1446.72,61.06,43.51,96.16,2,1668.35,1337.68
2022-08-12,1540.03,1548.12,1553.21,1530.32,5.54,0.36,326.31,1633.9,1541.82,1449.74,72.39,53.14,110.89,2,1672.6,1341.1
2022-08-15,1536.91,1523.86,1543.42,1521.97,-24.26,-1.57,291.8,1624.42,1537.53,1450.65,71.31,59.2,95.54,2,1674.59,1342.69
2022-08-16,1527.15,1509.15,1527.47,1505.74,-14.71,-0.97,283.79,1618.38,1533.67,1448.97,63.31,60.57,68.79,2,1680.14,1347.14
2022-08-17,1513.35,1516.92,1525.37,1497.11,7.77,0.51,297.43,1606.78,1529.1,1451.43,57.67,59.6,53.81,2,1686.61,1352.33
2022-08-18,1503.21,1492.06,1503.21,1490.57,-24.86,-1.64,324.97,1594.23,1523.43,1452.64,41.67,53.62,17.77,2,1686.57,1352.29
2022-08-19,1485.81,1489.21,1497.49,1485.01,-2.85,-0.19,354.03,1587.17,1519.12,1451.07,29.83,45.69,-1.89,2,1682.1,1348.71
2022-08-22,1478.0,1498.11,1500.18,1471.99,8.9,0.6,339.02,1574.89,1514.55,1454.2,30.61,40.67,10.5,2,1679.25,1346.43
2022-08-23,1495.0,1472.52,1495.0,1469.61,-25.59,-1.71,309.67,1563.48,1509.07,1454.65,21.57,34.3,-3.9,2,1674.69,1342.77
2022-08-24,1466.41,1444.94,1479.6,1444.6,-27.58,-1.87,383.05,1559.77,1503.41,1447.05,14.48,27.69,-11.94,2,1669.16,1338.33
2022-08-25,1450.8,1461.46,1461.56,1440.73,16.52,1.14,356.33,1555.41,1499.33,1443.24,16.38,23.92,1.3,2,1660.15,1331.12
2022-08-26,1460.43,1459.4,1494.57,1456.69,-2.06,-0.14,353.96,1555.26,1496.81,1438.35,18.1,21.98,10.33,2,1650.31,1323.22
2022-08-29,1440.86,1454.4,1455.26,1440.83,-5.0,-0.34,345.56,1555.33,1494.23,1433.13,17.45,20.47,11.4,1,1642.6,1317.04
2022-08-30,1456.32,1456.56,1459.37,1439.61,2.16,0.15,376.66,1555.51,1494.1,1432.69,20.52,20.49,20.58,2,1636.76,1312.36
2022-08-31,1459.71,1478.52,1490.76,1453.05,21.96,1.51,417.29,1554.79,1495.09,1435.4,35.09,25.35,54.56,2,1632.5,1308.94
2022-09-01,1479.1,1483.54,1504.38,1479.1,5.02,0.34,436.92,1554.55,1494.65,1434.75,46.0,32.24,73.53,2,1631.55,1308.18
2022-09-02,1488.88,1480.74,1506.4,1470.58,-2.8,-0.19,372.67,1550.19,1492.21,1434.24,51.19,38.56,76.47,2,1630.61,1307.43
2022-09-05,1488.73,1455.25,1489.24,1448.8,-25.49,-1.72,360.6,1546.99,1488.79,1430.58,41.94,39.68,46.44,2,1625.85,1303.61
2022-09-06,1447.9,1445.97,1453.6,1437.62,-9.28,-0.64,315.52,1545.29,1485.41,1425.52,32.0,37.12,21.77,2,1622.91,1301.25
2022-09-07,1435.94,1438.35,1453.94,1435.58,-7.62,-0.53,305.15,1545.66,1482.58,1419.5,22.64,32.3,3.33,2,1622.18,1300.66
2022-09-08,1441.14,1421.5,1444.02,1421.4,-16.85,-1.17,309.05,1538.65,1476.53,1414.41,15.13,26.57,-7.75,2,1617.74,1297.11
2022-09-09,1438.17,1454.44,1457.41,1436.93,32.94,2.32,325.76,1525.17,1471.84,1418.52,23.05,25.4,18.34,2,1617.19,1296.67
2022-09-13,1449.97,1429.24,1464.6,1428.32,-25.2,-1.73,385.71,1517.87,1467.11,1416.36,18.44,23.08,9.16,2,1614.4,1294.43
2022-09-14,1414.56,1423.24,1426.52,1404.57,-6.0,-0.42,324.48,1513.16,1462.82,1412.48,18.4,21.52,12.17,2,1610.7,1291.46
2022-09-15,1438.58,1411.13,1447.47,1401.77,-12.11,-0.85,393.76,1506.22,1457.53,1408.84,15.25,19.43,6.89,2,1603.22,1285.46
2022-09-16,1406.47,1365.76,1411.32,1365.22,-45.37,-3.22,350.5,1511.69,1451.21,1390.74,10.31,16.39,-1.84,1,1590.14,1274.98
2022-09-19,1371.27,1360.41,1373.97,1354.84,-5.35,-0.39,279.5,1514.43,1444.77,1375.12,8.57,13.78,-1.87,1,1576.79,1264.27
2022-09-20,1364.43,1355.64,1366.06,1344.51,-4.77,-0.35,251.53,1512.94,1437.65,1362.36,8.8,12.12,2.16,1,1565.73,1255.41
2022-09-21,1345.36,1313.49,1345.36,1306.96,-42.15,-3.11,258.27,1520.56,1429.7,1338.84,7.25,10.5,0.75,1,1551.03,1243.61
2022-09-22,1305.54,1301.53,1317.21,1300.71,-11.96,-0.91,252.24,1528.78,1422.53,1316.28,5.0,8.66,-2.33,1,1535.84,1231.44
2022-09-23,1297.05,1290.63,1305.13,1280.52,-10.9,-0.84,290.3,1533.04,1413.99,1294.93,5.16,7.5,0.49,1,1521.31,1219.79
2022-09-26,1283.85,1276.1,1296.88,1276.1,-14.53,-1.13,267.87,1536.08,1404.82,1273.57,3.44,6.15,-1.96,1,1501.52,1203.92
2022-09-27,1280.57,1351.13,1351.67,1280.57,75.03,5.88,452.23,1530.83,1399.66,1268.49,16.89,9.73,31.21,2,1492.85,1196.97
2022-09-28,1342.56,1332.56,1366.15,1332.18,-18.57,-1.37,365.49,1525.01,1393.46,1261.91,25.18,14.88,45.78,2,1482.78,1188.9
2022-09-29,1356.52,1363.04,1390.24,1348.11,30.48,2.29,406.47,1513.82,1387.68,1261.55,42.17,23.98,78.57,2,1477.44,1184.62
2022-09-30,1370.05,1362.24,1385.36,1359.03,-0.8,-0.06,392.7,1500.17,1381.62,1263.07,53.27,33.74,92.33,2,1477.05,1184.3
2022-10-10,1372.79,1321.14,1378.64,1317.11,-41.1,-3.02,402.94,1485.74,1373.64,1261.54,48.67,38.72,68.57,2,1472.69,1180.81
2022-10-11,1325.58,1299.57,1327.17,1285.07,-21.57,-1.63,359.95,1475.81,1365.86,1255.9,39.3,38.91,40.08,2,1466.47,1175.82
2022-10-12,1295.31,1316.02,1316.76,1265.13,16.45,1.27,361.68,1464.87,1359.36,1253.84,39.76,39.19,40.89,2,1466.75,1176.04
2022-10-13,1308.89,1351.86,1367.12,1305.14,35.84,2.72,454.57,1454.14,1355.03,1255.93,49.61,42.67,63.51,2,1472.34,1180.52
2022-10-14,1367.53,1483.88,1500.73,1367.53,132.02,9.77,901.88,1468.7,1358.15,1247.61,64.02,49.79,92.5,2,1493.79,1197.72
2022-10-17,1486.44,1483.39,1533.82,1475.43,-0.49,-0.03,810.17,1475.76,1359.6,1243.44,69.76,56.44,96.39,2,1516.8,1216.17
2022-10-18,1483.78,1507.49,1518.24,1463.12,24.1,1.62,846.96,1493.27,1363.51,1233.75,76.57,63.15,103.41,2,1534.15,1230.09
2022-10-19,1497.33,1483.24,1499.41,1474.06,-24.25,-1.61,587.75,1504.19,1366.51,1228.84,78.11,68.14,98.05,2,1550.88,1243.5
2022-10-20,1475.8,1485.66,1523.88,1468.5,2.42,0.16,668.52,1516.32,1370.24,1224.16,79.43,71.9,94.49,2,1564.49,1254.41
2022-10-21,1475.07,1485.86,1500.11,1460.11,0.2,0.01,558.97,1530.73,1376.24,1221.76,80.34,74.71,91.58,2,1578.21,1265.41
2022-10-24,1483.8,1444.33,1497.05,1436.57,-41.53,-2.8,635.04,1537.51,1380.44,1223.37,75.79,75.07,77.22,2,1591.88,1276.38
2022-10-25,1433.73,1401.26,1445.36,1383.93,-43.07,-2.98,571.84,1539.61,1382.72,1225.83,64.54,71.56,50.49,2,1603.17,1285.43
2022-10-26,1408.05,1487.58,1507.07,1408.05,86.32,6.16,799.93,1551.28,1391.43,1231.57,67.09,70.07,61.13,2,1622.22,1300.69
2022-10-27,1492.42,1468.49,1492.42,1446.82,-19.09,-1.28,770.56,1557.4,1399.77,1242.15,63.53,67.89,54.81,2,1635.16,1311.08
2022-10-28,1455.37,1443.95,1487.05,1439.38,-24.54,-1.67,653.84,1557.83,1407.44,1257.05,56.65,64.14,41.66,2,1630.73,1307.52
2022-10-31,1429.71,1440.5,1463.46,1411.71,-3.45,-0.24,642.09,1553.92,1415.66,1277.4,51.24,59.84,34.04,2,1625.97,1303.7
2022-11-01,1448.72,1490.63,1490.82,1416.16,50.13,3.48,786.87,1561.25,1422.63,1284.02,59.57,59.75,59.22,2,1624.1,1302.2
2022-11-02,1472.64,1518.64,1554.06,1471.29,28.01,1.88,1119.58,1570.1,1431.94,1293.78,66.11,61.87,74.59,2,1628.03,1305.35
2022-11-03,1496.3,1513.78,1533.87,1489.38,-4.86,-0.32,728.57,1578.22,1439.48,1300.73,69.51,64.42,79.7,2,1631.15,1307.86
2022-11-04,1516.49,1542.86,1561.12,1516.02,29.08,1.92,701.44,1589.46,1448.51,1307.55,76.24,68.36,92.0,2,1637.47,1312.93
2022-11-07,1540.22,1546.97,1560.9,1530.92,4.11,0.27,691.92,1594.16,1459.8,1325.44,81.08,72.6,98.04,2,1648.87,1322.06
2022-11-08,1544.58,1527.91,1544.94,1517.34,-19.06,-1.23,635.99,1586.65,1471.21,1355.78,79.98,75.06,89.81,2,1662.93,1333.34
2022-11-09,1523.0,1532.5,1548.64,1519.76,4.59,0.3,885.09,1575.8,1482.04,1388.28,80.27,76.79,87.21,2,1667.91,1337.33
2022-11-10,1524.98,1509.85,1544.38,1507.0,-22.65,-1.48,915.96,1562.78,1489.94,1417.09,75.41,76.33,73.55,2,1672.5,1341.02
2022-11-11,1566.95,1508.92,1568.9,1508.15,-0.93,-0.06,1330.83,1564.44,1491.19,1417.95,70.51,74.39,62.76,2,1679.71,1346.8
2022-11-14,1510.07,1553.45,1565.67,1498.12,44.53,2.95,1185.52,1572.66,1494.69,1416.73,75.07,74.62,75.97,2,1692.25,1356.85
2022-11-15,1553.04,1554.58,1554.64,1515.84,1.13,0.07,1067.51,1579.15,1497.05,1414.94,77.38,75.54,81.05,2,1699.35,1362.54
2022-11-16,1557.67,1568.31,1600.57,1544.87,13.73,0.88,1003.75,1588.74,1501.3,1413.86,74.42,75.16,72.93,2,1704.86,1366.96
2022-11-17,1556.9,1565.28,1578.83,1541.36,-3.03,-0.19,900.37,1596.68,1505.28,1413.89,71.47,73.93,66.53,2,1710.58,1371.55
2022-11-18,1579.92,1591.03,1604.37,1570.24,25.75,1.65,1165.93,1608.71,1510.54,1412.37,76.79,74.88,80.61,2,1715.93,1375.83
2022-11-21,1577.15,1595.49,1598.66,1559.97,4.46,0.28,968.95,1617.97,1518.1,1418.22,81.74,77.17,90.88,2,1721.31,1380.15
2022-11-22,1589.89,1545.76,1612.33,1536.45,-49.73,-3.12,1053.44,1610.11,1525.32,1440.54,68.4,74.25,56.7,2,1723.29,1381.74
2022-11-23,1542.34,1503.44,1544.42,1489.07,-42.32,-2.74,804.29,1609.77,1526.12,1442.47,49.49,65.99,16.47,2,1720.07,1379.15
2022-11-24,1507.63,1525.23,1525.94,1507.63,21.79,1.45,644.74,1608.33,1528.95,1449.57,42.77,58.25,11.8,2,1721.78,1380.52
2022-11-25,1519.58,1512.49,1521.31,1485.52,-12.74,-0.84,641.8,1602.12,1532.38,1462.64,35.6,50.7,5.4,2,1722.17,1380.84
2022-11-28,1487.41,1497.09,1516.19,1481.39,-15.4,-1.02,662.05,1593.45,1535.21,1476.97,27.73,43.04,-2.9,2,1715.92,1375.82
2022-11-29,1494.68,1533.02,1534.45,1494.68,35.93,2.4,886.6,1591.9,1537.33,1482.76,31.63,39.24,16.41,2,1713.52,1373.91
2022-11-30,1529.23,1512.18,1534.95,1498.52,-20.84,-1.36,782.06,1592.09,1537.01,1481.93,28.93,35.8,15.17,2,1707.29,1368.91
2022-12-01,1524.78,1513.32,1530.2,1494.93,1.14,0.08,947.27,1592.1,1536.98,1481.87,27.41,33.01,16.23,2,1701.52,1364.29
2022-12-02,1508.2,1512.68,1522.62,1503.54,-0.64,-0.04,646.91,1591.51,1535.47,1479.44,26.24,30.75,17.22,2,1692.83,1357.31
2022-12-05,1518.64,1491.51,1521.24,1483.31,-21.17,-1.4,851.43,1591.6,1532.7,1473.8,22.85,28.12,12.31,2,1681.29,1348.06
2022-12-06,1487.7,1480.72,1507.11,1475.5,-10.79,-0.72,787.93,1593.45,1530.34,1467.23,18.16,24.8,4.88,2,1674.07,1342.27
2022-12-07,1472.85,1486.83,1497.96,1459.72,6.11,0.41,961.18,1593.94,1528.06,1462.18,24.12,24.57,23.21,2,1672.22,1340.79
2022-12-08,1489.34,1491.8,1498.16,1477.27,4.97,0.33,933.43,1594.49,1527.16,1459.83,30.29,26.48,37.92,2,1668.51,1337.82
2022-12-09,1491.27,1510.34,1515.3,1482.92,18.54,1.24,1143.58,1594.48,1527.23,1459.97,42.62,31.86,64.15,2,1668.27,1337.62
2022-12-12,1512.05,1516.83,1523.19,1506.81,6.49,0.43,1096.81,1591.68,1525.4,1459.11,53.72,39.15,82.87,2,1670.46,1339.38
2022-12-13,1518.08,1519.87,1530.86,1489.13,3.04,0.2,1062.59,1588.61,1523.66,1458.72,64.0,47.43,97.13,2,1669.0,1338.21
2022-12-14,1518.57,1498.42,1521.16,1495.61,-21.45,-1.41,943.59,1582.6,1520.17,1457.74,60.8,51.89,78.62,2,1667.48,1336.99
2022-12-15,1494.58,1484.67,1504.67,1477.27,-13.75,-0.92,716.89,1576.78,1516.14,1455.49,52.22,52.0,52.67,2,1664.3,1334.44
2022-12-16,1482.21,1497.44,1507.33,1478.36,12.77,0.86,1029.87,1561.84,1511.46,1461.08,52.49,52.16,53.14,2,1662.61,1333.08
2022-12-19,1497.6,1443.38,1500.18,1439.72,-54.06,-3.61,992.04,1546.53,1503.85,1461.17,36.33,46.89,15.22,2,1657.26,1328.8
2022-12-20,1442.72,1430.31,1448.35,1426.83,-13.07,-0.91,662.54,1547.26,1498.08,1448.9,25.34,39.7,-3.4,2,1651.67,1324.31
2022-12-21,1435.2,1429.24,1441.4,1422.68,-1.07,-0.07,646.71,1551.86,1494.37,1436.88,18.91,32.77,-8.81,2,1645.28,1319.18
2022-12-22,1434.31,1431.33,1458.63,1421.6,2.09,0.15,631.05,1551.49,1489.67,1427.86,15.58,27.04,-7.35,2,1638.56,1313.8
2022-12-23,1425.79,1454.76,1460.46,1423.59,23.43,1.64,584.77,1549.46,1486.79,1424.11,20.5,24.86,11.78,2,1632.39,1308.86
2022-12-26,1457.91,1451.86,1467.0,1447.82,-2.9,-0.2,567.64,1548.79,1484.53,1420.26,23.8,24.51,22.38,2,1625.18,1303.07
2022-12-27,1450.99,1454.26,1457.88,1421.76,2.4,0.17,673.49,1542.08,1480.59,1419.1,28.56,25.86,33.98,2,1617.9,1297.23
2022-12-28,1449.8,1460.86,1475.28,1449.46,6.6,0.45,602.91,1538.29,1478.02,1417.75,34.31,28.68,45.57,2,1613.73,1293.89
2022-12-29,1455.21,1487.81,1498.98,1453.18,26.95,1.84,672.1,1535.02,1476.75,1418.47,50.96,36.1,80.67,2,1614.08,1294.17
2022-12-30,1490.91,1483.5,1496.47,1477.57,-4.31,-0.29,493.69,1531.31,1475.29,1419.26,60.64,44.28,93.35,2,1612.53,1292.93
2023-01-03,1483.85,1487.86,1497.19,1474.84,4.36,0.29,570.46,1530.94,1475.1,1419.27,68.97,52.51,101.88,2,1617.47,1296.89
2023-01-04,1487.03,1507.3,1514.94,1483.79,19.44,1.31,538.25,1533.98,1476.43,1418.89,76.58,60.53,108.68,2,1626.01,1303.74
2023-01-05,1511.14,1545.87,1554.07,1507.07,38.57,2.56,538.4,1544.34,1479.39,1414.43,82.32,67.8,111.37,0,1638.96,1314.12
2023-01-06,1545.43,1537.31,1545.84,1530.09,-8.56,-0.55,460.93,1551.22,1481.66,1412.1,83.99,73.2,105.59,0,1650.72,1323.55
2023-01-09,1537.25,1539.39,1544.95,1530.64,2.08,0.14,421.49,1556.14,1483.11,1410.09,85.63,77.34,102.21,0,1660.12,1331.09
2023-01-10,1537.46,1564.75,1571.12,1530.25,25.36,1.65,403.29,1565.6,1485.51,1405.42,88.67,81.12,103.79,0,1672.65,1341.13
2023-01-11,1565.16,1564.12,1583.92,1562.22,-0.63,-0.04,460.84,1573.72,1487.72,1401.73,87.4,83.21,95.78,0,1684.84,1350.91
2023-01-12,1563.07,1551.03,1570.04,1546.13,-13.09,-0.84,401.78,1580.61,1490.35,1400.1,81.55,82.66,79.33,0,1694.85,1358.94
2023-01-13,1555.55,1588.32,1588.82,1545.11,37.29,2.4,394.93,1595.29,1495.53,1395.78,87.55,84.29,94.08,0,1706.01,1367.88
2023-01-16,1591.89,1631.72,1658.48,1591.89,43.4,2.73,623.94,1618.35,1502.25,1386.15,86.6,85.06,89.67,0,1722.46,1381.07
2023-01-17,1632.72,1613.56,1638.25,1609.58,-18.16,-1.11,413.53,1633.13,1510.76,1388.38,81.18,83.76,76.0,0,1736.41,1392.26
2023-01-18,1614.27,1597.95,1614.27,1596.35,-15.61,-0.97,312.85,1641.29,1519.14,1396.99,71.73,79.75,55.7,0,1746.48,1400.33
2023-01-19,1599.49,1638.82,1646.66,1590.27,40.87,2.56,417.23,1655.04,1529.62,1404.2,76.05,78.52,71.1,0,1756.79,1408.6
2023-01-20,1638.88,1630.78,1656.98,1628.32,-8.04,-0.49,356.74,1663.87,1539.59,1415.31,76.83,77.96,74.58,2,1767.17,1416.92
2023-01-30,1651.93,1606.59,1654.19,1604.51,-24.19,-1.48,536.68,1668.32,1547.18,1426.05,69.3,75.07,57.75,2,1774.63,1422.9
2023-01-31,1603.92,1576.15,1605.28,1574.62,-30.44,-1.89,499.17,1666.84,1553.4,1439.95,55.32,68.49,29.0,2,1775.89,1423.91
2023-02-01,1579.84,1589.33,1591.01,1557.24,13.18,0.84,504.73,1664.94,1560.15,1455.36,49.88,62.29,25.08,2,1778.69,1426.16
2023-02-02,1594.75,1606.11,1625.26,1587.35,16.78,1.06,473.51,1663.43,1567.41,1471.39,49.35,57.97,32.09,2,1784.81,1431.06
2023-02-03,1600.68,1599.31,1617.89,1585.08,-6.8,-0.42,401.8,1662.61,1572.99,1483.37,46.96,54.3,32.27,2,1786.03,1432.04
2023-02-06,1584.73,1571.51,1590.29,1565.46,-27.8,-1.74,442.32,1657.1,1577.39,1497.68,36.07,48.23,11.77,2,1779.34,1426.68
2023-02-07,1578.23,1566.52,1585.18,1558.01,-4.99,-0.32,368.58,1649.96,1581.32,1512.68,27.15,41.2,-0.95,2,1774.12,1422.49
2023-02-08,1567.81,1571.63,1589.96,1567.81,5.11,0.33,323.87,1644.48,1584.54,1524.59,22.91,35.1,-1.48,1,1771.2,1420.15
2023-02-09,1567.95,1585.6,1586.18,1566.75,13.97,0.89,348.63,1643.79,1586.52,1529.26,25.02,31.74,11.58,1,1765.29,1415.41
2023-02-10,1583.49,1585.91,1592.87,1569.5,0.31,0.02,344.5,1641.59,1588.95,1536.32,30.73,31.41,29.38,2,1760.31,1411.42
2023-02-13,1585.23,1585.62,1609.29,1574.09,-0.29,-0.02,415.05,1638.81,1591.27,1543.72,34.4,32.4,38.38,2,1757.98,1409.55
2023-02-14,1590.27,1592.35,1600.97,1581.22,6.73,0.42,526.95,1638.61,1592.65,1546.69,39.95,34.92,50.02,2,1759.78,1411.0
2023-02-15,1590.61,1568.8,1593.08,1566.96,-23.55,-1.48,580.3,1638.3,1592.88,1547.46,32.64,34.16,29.6,2,1757.5,1409.17
2023-02-16,1569.09,1554.34,1585.77,1545.95,-14.46,-0.92,800.72,1637.88,1593.05,1548.22,26.18,31.5,15.53,2,1751.76,1404.56
2023-02-17,1551.42,1552.83,1567.96,1544.0,-1.51,-0.1,759.06,1639.4,1591.27,1543.15,21.96,28.32,9.24,2,1746.6,1400.42
2023-02-20,1555.74,1569.78,1570.96,1530.29,16.95,1.09,623.33,1633.37,1588.17,1542.98,31.3,29.31,35.28,2,1746.41,1400.27
2023-02-21,1566.92,1561.27,1569.17,1553.31,-8.51,-0.54,476.53,1630.63,1585.56,1540.49,33.94,30.86,40.11,2,1745.82,1399.8
2023-02-22,1556.1,1555.13,1574.2,1551.42,-6.14,-0.39,406.54,1629.98,1583.42,1536.86,33.11,31.61,36.11,2,1743.99,1398.34
2023-02-23,1555.47,1545.46,1571.91,1539.62,-9.67,-0.62,443.14,1620.64,1578.75,1536.86,28.47,30.56,24.29,2,1739.54,1394.76
2023-02-24,1545.62,1528.79,1545.74,1524.96,-16.67,-1.08,306.01,1613.76,1573.65,1533.54,20.66,27.26,7.46,2,1733.2,1389.68
2023-02-27,1525.19,1512.66,1531.96,1508.02,-16.13,-1.06,337.09,1614.2,1568.95,1523.71,15.59,23.37,0.03,2,1725.1,1383.19
2023-02-28,1513.84,1535.46,1539.99,1513.84,22.8,1.51,484.49,1614.3,1566.92,1519.54,22.16,22.97,20.54,2,1718.78,1378.12
2023-03-01,1535.5,1529.52,1537.34,1518.48,-5.94,-0.39,434.76,1612.8,1563.93,1515.06,25.6,23.85,29.11,2,1714.42,1374.63
2023-03-02,1524.23,1510.77,1531.6,1509.71,-18.75,-1.23,381.28,1609.23,1559.16,1509.09,18.45,22.05,11.26,2,1709.59,1370.75
2023-03-03,1514.14,1518.07,1530.55,1508.64,7.3,0.48,331.72,1604.66,1555.1,1505.54,17.36,20.49,11.12,2,1705.73,1367.65
2023-03-06,1516.91,1520.48,1525.55,1508.37,2.41,0.16,374.23,1603.7,1552.55,1501.4,17.85,19.61,14.34,2,1700.25,1363.27
2023-03-07,1519.06,1494.18,1531.14,1493.61,-26.3,-1.73,425.74,1605.55,1548.93,1492.31,12.14,17.12,2.19,2,1692.81,1357.3
2023-03-08,1488.82,1491.5,1500.19,1486.25,-2.68,-0.18,246.88,1605.74,1544.93,1484.11,11.04,15.09,2.93,2,1685.74,1351.63
2023-03-09,1494.33,1497.59,1505.95,1490.8,6.09,0.41,265.9,1601.67,1540.53,1479.38,14.39,14.86,13.46,2,1680.43,1347.37
2023-03-10,1490.99,1503.96,1512.23,1483.23,6.37,0.43,294.34,1595.81,1536.43,1477.04,21.77,17.16,30.98,2,1677.68,1345.16
2023-03-13,1497.52,1491.83,1504.08,1484.06,-12.13,-0.81,352.64,1589.64,1531.74,1473.84,19.81,18.05,23.34,2,1675.36,1343.31
2023-03-14,1491.45,1492.35,1511.78,1482.48,0.52,0.03,327.55,1579.92,1526.74,1473.56,19.9,18.67,22.38,2,1670.58,1339.47
2023-03-15,1500.76,1500.05,1516.65,1498.76,7.7,0.52,396.92,1573.99,1523.3,1472.61,25.31,20.88,34.16,2,1667.31,1336.85
2023-03-16,1495.02,1482.63,1505.99,1480.21,-17.42,-1.16,426.88,1571.25,1519.72,1468.18,18.45,20.07,15.22,2,1664.18,1334.34
2023-03-17,1488.5,1460.99,1492.56,1456.98,-21.64,-1.46,412.49,1570.28,1515.12,1459.97,14.11,18.08,6.15,2,1657.85,1329.26
2023-03-20,1461.41,1448.48,1465.64,1439.59,-12.51,-0.86,403.94,1565.5,1509.06,1452.61,13.25,16.47,6.8,2,1649.86,1322.86
2023-03-21,1453.68,1482.81,1483.63,1453.68,34.33,2.37,317.72,1557.26,1505.14,1453.01,27.53,20.16,42.27,2,1648.59,1321.84
2023-03-22,1489.13,1482.38,1495.41,1473.94,-0.43,-0.03,306.96,1549.12,1501.5,1453.88,36.86,25.72,59.13,2,1647.58,1321.03
2023-03-23,1477.75,1475.01,1487.69,1469.83,-7.37,-0.5,346.03,1542.38,1497.98,1453.57,39.9,30.45,58.79,2,1645.07,1319.02
2023-03-24,1475.86,1463.78,1487.62,1462.18,-11.23,-0.76,393.86,1539.15,1494.72,1450.3,37.06,32.65,45.88,2,1640.61,1315.45
2023-03-27,1464.1,1490.26,1508.2,1453.79,26.48,1.81,453.76,1537.29,1493.6,1449.92,46.63,37.31,65.26,2,1640.44,1315.31
2023-03-28,1495.47,1482.18,1500.17,1477.12,-8.08,-0.54,468.68,1530.38,1490.94,1451.5,51.78,42.13,71.06,2,1639.31,1314.4
2023-03-29,1476.77,1457.51,1478.34,1455.15,-24.67,-1.66,402.75,1525.15,1487.34,1449.53,43.22,42.5,44.68,2,1634.59,1310.62
2023-03-30,1458.33,1458.25,1467.08,1442.43,0.74,0.05,301.96,1522.94,1484.71,1446.49,37.88,40.96,31.73,2,1631.88,1308.45
2023-03-31,1454.14,1440.26,1458.16,1436.67,-17.99,-1.23,397.23,1520.49,1480.82,1441.16,26.93,36.28,8.22,2,1629.58,1306.6
2023-04-03,1439.73,1422.69,1442.91,1418.21,-17.57,-1.22,427.02,1518.82,1475.93,1433.05,19.61,30.72,-2.62,2,1626.72,1304.31
2023-04-04,1424.1,1423.43,1426.58,1413.47,0.74,0.05,392.75,1520.08,1472.4,1424.71,16.58,26.01,-2.28,2,1620.13,1299.02
2023-04-06,1423.56,1441.23,1443.23,1421.97,17.8,1.25,390.45,1518.57,1469.88,1421.2,20.82,24.28,13.9,2,1615.56,1295.36
2023-04-07,1439.86,1482.16,1486.47,1439.86,40.93,2.84,482.34,1516.49,1469.11,1421.74,38.05,28.87,56.41,2,1616.35,1296.0
2023-04-10,1485.87,1483.83,1504.91,1483.39,1.67,0.11,397.57,1513.28,1468.11,1422.93,51.02,36.25,80.54,2,1618.58,1297.78
2023-04-11,1487.21,1474.36,1493.86,1465.96,-9.47,-0.64,296.04,1511.2,1467.23,1423.27,56.21,42.9,82.81,2,1616.81,1296.37
2023-04-12,1472.68,1462.1,1485.01,1457.26,-12.26,-0.83,304.78,1508.18,1465.72,1423.26,55.2,47.0,71.59,2,1614.59,1294.58
2023-04-13,1457.57,1493.48,1499.9,1449.25,31.38,2.15,417.39,1506.87,1465.39,1423.91,65.97,53.32,91.25,2,1618.58,1297.78
2023-04-14,1504.05,1493.92,1524.36,1487.32,0.44,0.03,426.05,1508.65,1465.96,1423.26,68.16,58.27,87.94,2,1622.54,1300.95
2023-04-17,1490.07,1491.96,1500.59,1479.23,-1.96,-0.13,363.55,1511.59,1467.5,1423.42,69.03,61.86,83.39,2,1628.28,1305.56
2023-04-18,1486.99,1476.8,1490.82,1472.58,-15.16,-1.02,308.95,1512.28,1468.92,1425.56,63.87,62.53,66.56,2,1634.28,1310.37
2023-04-19,1474.59,1463.83,1479.07,1461.14,-12.97,-0.88,313.67,1510.91,1467.97,1425.04,52.04,59.03,38.05,2,1638.77,1313.97
2023-04-20,1465.57,1437.49,1468.92,1434.13,-26.34,-1.8,327.09,1510.08,1465.73,1421.37,35.93,51.33,5.13,2,1638.35,1313.63
2023-04-21,1437.22,1422.87,1448.41,1422.03,-14.62,-1.02,433.44,1510.98,1463.12,1415.26,24.23,42.3,-11.91,2,1631.77,1308.36
2023-04-24,1427.23,1411.67,1434.39,1404.19,-11.2,-0.79,513.99,1513.36,1460.51,1407.67,18.23,34.27,-13.87,2,1623.76,1301.93
